domain,sources,n_sources
112112.org,euvsdisinfo,1
112ua.tv,euvsdisinfo,1
123ru.net,euvsdisinfo,1
12com.ru,wiki_disinfo,1
1lurer.am,euvsdisinfo,1
1news.az,euvsdisinfo,1
1prime.ru,euvsdisinfo,1
1tv.ru,euvsdisinfo,1
20minuts.com,wiki_disinfo,1
24-post.com,euvsdisinfo,1
24.ae,euvsdisinfo,1
26september.org,euvsdisinfo,1
2memo.ru,wiki_disinfo,1
360tv.ru,euvsdisinfo,1
365news.biz,euvsdisinfo,1
39rus.org,euvsdisinfo,1
3lnar.com,euvsdisinfo,1
3mv.ru,euvsdisinfo,1
3rm.info,euvsdisinfo,1
3yonnews.com,euvsdisinfo,1
47news.ru,euvsdisinfo,1
4erkessk.ru,wiki_disinfo,1
4memo.net,wiki_disinfo,1
4news.am,euvsdisinfo,1
4uarab.com,euvsdisinfo,1
5-gorsk.ru,wiki_disinfo,1
5-tv.ru,euvsdisinfo,1
50statesoflie.com,wiki_disinfo,1
5lavr.org,wiki_disinfo,1
6060news.com,euvsdisinfo,1
78.ru,euvsdisinfo,1
a7walamerica.com,euvsdisinfo,1
a7walrussia.com,euvsdisinfo,1
aa.com.tr,euvsdisinfo,1
aafaqnews.com,euvsdisinfo,1
aalep.eu,euvsdisinfo,1
ababeel.news,euvsdisinfo,1
abakan-news.net,wiki_disinfo,1
abakan-pyatnitsa.ru,wiki_disinfo,1
aban-pyatnitsa.ru,wiki_disinfo,1
abaz-vestnik.ru,wiki_disinfo,1
abinskaya-linia.ru,wiki_disinfo,1
absatz.media,euvsdisinfo,1
abu-link.com,euvsdisinfo,1
ac24.cz,euvsdisinfo,1
achkhoi-martan.ru,wiki_disinfo,1
acrosstheline.press,wiki_disinfo,1
activistpost.com,euvsdisinfo;rashkin,2
actualcomment.ru,euvsdisinfo,1
actualidad-rt.com,euvsdisinfo;wiki_disinfo,2
actualitati.md,euvsdisinfo,1
actualnews.org,euvsdisinfo,1
addiyar.com,euvsdisinfo,1
aden-city.net,euvsdisinfo,1
aden-hura.com,euvsdisinfo,1
adensbq.com,euvsdisinfo,1
adygheya-news.net,wiki_disinfo,1
aex.ru,euvsdisinfo,1
afip-den.ru,wiki_disinfo,1
africa-press.net,euvsdisinfo,1
africa-rt.com,wiki_disinfo,1
afripods.africa,euvsdisinfo,1
aftershock.news,euvsdisinfo,1
aginskoe-today.ru,wiki_disinfo,1
agitblog.ru,euvsdisinfo,1
agora.md,euvsdisinfo,1
agras-news.com,euvsdisinfo,1
ahdath.info,euvsdisinfo,1
ahdath24.com,euvsdisinfo,1
ahewar.org,euvsdisinfo,1
ahfad.info,euvsdisinfo,1
ahlmasrnews.com,euvsdisinfo,1
ahtirka.ru,wiki_disinfo,1
ahtubinsk-projektor.ru,wiki_disinfo,1
ahtyrka-info.ru,wiki_disinfo,1
aif.ru,euvsdisinfo,1
aihal-vesti.ru,wiki_disinfo,1
ajil.news,euvsdisinfo,1
ajmanpress.com,euvsdisinfo,1
ak-dovurak.press,wiki_disinfo,1
ak-kr.ru,wiki_disinfo,1
ak-sp.ru,wiki_disinfo,1
ak-spassk.ru,wiki_disinfo,1
ak57.ru,wiki_disinfo,1
akarc.ru,wiki_disinfo,1
akhbaar.org,euvsdisinfo,1
akhbarak.net,euvsdisinfo,1
akhbaralsudan.com,euvsdisinfo,1
akhbaralyawm.com,euvsdisinfo,1
akhbarelyom.com,euvsdisinfo,1
akhbarna.net,euvsdisinfo,1
akhbarnaa.com,euvsdisinfo,1
akhun.ru,wiki_disinfo,1
aksaysovet.ru,wiki_disinfo,1
akua-suhum.info,wiki_disinfo,1
akwadon.com,euvsdisinfo,1
al-binaa.com,euvsdisinfo,1
al-hadath.com,euvsdisinfo,1
al-lahtha.com,euvsdisinfo,1
al-mashaher.com,euvsdisinfo,1
al-murasil.com,euvsdisinfo,1
al-vefagh.ir,euvsdisinfo,1
al-watan.com,euvsdisinfo,1
alabdle.org,euvsdisinfo,1
aladwaaeg.com,euvsdisinfo,1
alagirskie-dni.ru,wiki_disinfo,1
alahadnews.net,euvsdisinfo,1
alahdath24.com,euvsdisinfo,1
alalam.ir,euvsdisinfo,1
alalamsyria.com,euvsdisinfo,1
alamalmal.net,euvsdisinfo,1
alameenpress.info,euvsdisinfo,1
alamrany.com,euvsdisinfo,1
alarabi.press,euvsdisinfo,1
alarabipost.com,euvsdisinfo,1
alarabiya.net,euvsdisinfo,1
alarabyanews.com,euvsdisinfo,1
alayam24.com,euvsdisinfo,1
alayham.com,euvsdisinfo,1
alayyam.info,euvsdisinfo,1
alazmenah.com,euvsdisinfo,1
alazrak.com,euvsdisinfo,1
albaathmedia.sy,euvsdisinfo,1
albaladnews.net,euvsdisinfo,1
albaosala.net,euvsdisinfo,1
albawaba.com,euvsdisinfo,1
albawabhnews.com,euvsdisinfo,1
albayan.ae,euvsdisinfo,1
alboslanews.com,euvsdisinfo,1
alburaq-news.com,euvsdisinfo,1
alchevsk-news.ru,wiki_disinfo,1
alchourouk.com,euvsdisinfo,1
aldanvecher.ru,wiki_disinfo,1
aldaqeq.com,euvsdisinfo,1
aleksah.ru,wiki_disinfo,1
aleksandriyskaya.ru,wiki_disinfo,1
aleksandrov-sloboda.ru,wiki_disinfo,1
aletejahtv.iq,euvsdisinfo,1
aleut-star.ru,wiki_disinfo,1
alexsandrov-sloboda.ru,wiki_disinfo,1
algerianexpress.com,euvsdisinfo,1
algerie9.com,euvsdisinfo,1
algeriediplomatique.com,euvsdisinfo,1
alghadeertv.net,euvsdisinfo,1
alhadaf-network.com,euvsdisinfo,1
alhadath.ps,euvsdisinfo,1
alhadeel.net,euvsdisinfo,1
alhashmiahnews.net,euvsdisinfo,1
alhayatnews.net,euvsdisinfo,1
alittihad44.com,euvsdisinfo,1
alittihadnet.net,euvsdisinfo,1
aljaml.com,euvsdisinfo,1
aljanad.net,euvsdisinfo,1
aljazeera.net,euvsdisinfo,1
aljomhoria.com,euvsdisinfo,1
aljoumhouria.com,euvsdisinfo,1
alkalimanews.com,euvsdisinfo,1
alkalimaonline.com,euvsdisinfo,1
alkawthartv.ir,euvsdisinfo,1
alkhabar-sy.com,euvsdisinfo,1
alkhabaralgded.com,euvsdisinfo,1
alkhabrpress.com,euvsdisinfo,1
alkhadraasy.com,euvsdisinfo,1
alkhaleej.ae,euvsdisinfo,1
alkhaleej365.com,euvsdisinfo,1
alkhaleejnews.net,euvsdisinfo,1
alkofiya.org,euvsdisinfo,1
all-yalta.ru,wiki_disinfo,1
allahzah.com,euvsdisinfo,1
alleroi.ru,wiki_disinfo,1
alleroy-utro.ru,wiki_disinfo,1
allhayat.net,euvsdisinfo,1
allofjo.net,euvsdisinfo,1
alloubnania.com,euvsdisinfo,1
almada.org,euvsdisinfo,1
almadaniya.info,euvsdisinfo,1
almadenahnews.com,euvsdisinfo,1
almaghribalarabi.com,euvsdisinfo,1
almaghribtoday.net,euvsdisinfo,1
almahjar.net,euvsdisinfo,1
almajd.net,euvsdisinfo,1
almalath-news.net,euvsdisinfo,1
almanach.cz,euvsdisinfo,1
almarkazia.com,euvsdisinfo,1
almarkazia.net,euvsdisinfo,1
almarsad.co,euvsdisinfo,1
almasdr24.com,euvsdisinfo,1
almashhad-alyemeni.com,euvsdisinfo,1
almashhadonline.com,euvsdisinfo,1
almasryalyoum.com,euvsdisinfo,1
almatareed.org,euvsdisinfo,1
almawq3.com,euvsdisinfo,1
almawrid.news,euvsdisinfo,1
almehwartoday.com,euvsdisinfo,1
almelnoujoum.com,euvsdisinfo,1
almethaqnews.com,euvsdisinfo,1
almidanalyemeni.net,euvsdisinfo,1
alminasapress.com,euvsdisinfo,1
almjhar.com,euvsdisinfo,1
almogaz.com,euvsdisinfo,1
alnaharegypt.com,euvsdisinfo,1
alnahdanews.com,euvsdisinfo,1
alnilin.com,euvsdisinfo,1
alo.rs,euvsdisinfo,1
aloumma.com,euvsdisinfo,1
alqalahnews.net,euvsdisinfo,1
alqraralaraby.news,euvsdisinfo,1
alrafidain.news,euvsdisinfo,1
alrai-iq.com,euvsdisinfo,1
alraimedia.com,euvsdisinfo,1
alrakoba.net,euvsdisinfo,1
alramtha.net,euvsdisinfo,1
alroya.om,euvsdisinfo,1
alrray.org,euvsdisinfo,1
alsaa.net,euvsdisinfo,1
alsaaa24.com,euvsdisinfo,1
alsabahalyemeni.net,euvsdisinfo,1
alsadaranews.com,euvsdisinfo,1
alshahedkw.com,euvsdisinfo,1
alsharqtoday.com,euvsdisinfo,1
alsiasi.com,euvsdisinfo,1
alsolta.net,euvsdisinfo,1
alsumaria.tv,euvsdisinfo,1
alsyasiah.ye,euvsdisinfo,1
altaharri.com,euvsdisinfo,1
altai-week.ru,wiki_disinfo,1
altaiskaya-iskra.ru,wiki_disinfo,1
altay-news.net,wiki_disinfo,1
alter-info.ru,wiki_disinfo,1
alternatio.org,euvsdisinfo,1
althawrah.ye,euvsdisinfo,1
althurya.net,euvsdisinfo,1
alvinet.com,euvsdisinfo,1
alwafd.news,euvsdisinfo,1
alwaght.net,euvsdisinfo,1
alwassat.com,euvsdisinfo,1
alwatannews.net,euvsdisinfo,1
alwatanonline.com,euvsdisinfo,1
alwatanvoice.com,euvsdisinfo,1
alwattan.net,euvsdisinfo,1
alyaqoutalsouri.com,euvsdisinfo,1
alyawmnews.net,euvsdisinfo,1
alyemennews.com,euvsdisinfo,1
alyoumvoice.com,euvsdisinfo,1
amadpress.com,euvsdisinfo,1
amadps.net,euvsdisinfo,1
amak.ru,wiki_disinfo,1
americaalyoum.com,euvsdisinfo,1
amur-liman.ru,wiki_disinfo,1
amur-news.net,wiki_disinfo,1
amur-novosti.ru,wiki_disinfo,1
amur-trassa.ru,wiki_disinfo,1
amurzori.ru,wiki_disinfo,1
amzvezda.ru,wiki_disinfo,1
ana-org.com,euvsdisinfo,1
anayemeni.net,euvsdisinfo,1
anba24.com,euvsdisinfo,1
annabaa.org,euvsdisinfo,1
annaharar.com,euvsdisinfo,1
anonymousnews.ru,euvsdisinfo,1
ansa.ltd,wiki_disinfo,1
ansarollah.com,euvsdisinfo,1
antifashist.com,euvsdisinfo,1
antifashist.online,euvsdisinfo,1
antimaydan.info,euvsdisinfo,1
anuzori.ru,wiki_disinfo,1
anyui.ru,wiki_disinfo,1
anzhero-sudzhenski.ru,wiki_disinfo,1
apa.az,euvsdisinfo,1
apatites.ru,wiki_disinfo,1
apchas.ru,wiki_disinfo,1
apostrophe.ua,euvsdisinfo,1
aqreqator.az,euvsdisinfo,1
ar-asb.ru,wiki_disinfo,1
arab-j.net,euvsdisinfo,1
arab-now.com,euvsdisinfo,1
arab-turkey.com,euvsdisinfo,1
arabawarenesspulse.com,euvsdisinfo,1
arabi21.co,euvsdisinfo,1
arabi21.com,euvsdisinfo,1
arabicradio.net,euvsdisinfo,1
arabinp.com,euvsdisinfo,1
arabiyaa.com,euvsdisinfo,1
arablifestyle.com,euvsdisinfo,1
arabmadarat.net,euvsdisinfo,1
arabnet5.com,euvsdisinfo,1
arabnews24.ca,euvsdisinfo,1
arabsource.net,euvsdisinfo,1
arabstoday.net,euvsdisinfo,1
arabyoum.news,euvsdisinfo,1
aramil-vesti.ru,wiki_disinfo,1
aramme.com,euvsdisinfo,1
aravot.am,euvsdisinfo,1
ardonvestnik.ru,wiki_disinfo,1
argayash-m.ru,wiki_disinfo,1
argumenti.ru,euvsdisinfo,1
argumenty-kuragino.ru,wiki_disinfo,1
argungazeta.ru,wiki_disinfo,1
arkhangelsk-news.net,wiki_disinfo,1
armavir-zerkalo.ru,wiki_disinfo,1
armeniasputnik.am,euvsdisinfo,1
arminfo.info,euvsdisinfo,1
armradio.am,euvsdisinfo,1
armvestnik.ru,wiki_disinfo,1
arnoxidi.com,euvsdisinfo,1
arriyada.net,euvsdisinfo,1
artem-plus.ru,wiki_disinfo,1
arzamas-gazeta.ru,wiki_disinfo,1
arzvest.ru,wiki_disinfo,1
asabnews.com,euvsdisinfo,1
asd.news,euvsdisinfo,1
aserialov.net,euvsdisinfo,1
asharqalarabi.org.uk,euvsdisinfo,1
asianewslb.com,euvsdisinfo,1
askiz-press.ru,wiki_disinfo,1
asrar7.com,euvsdisinfo,1
assawsana.com,euvsdisinfo,1
asslematunisie.net,euvsdisinfo,1
astapovskie.ru,wiki_disinfo,1
astra-plus.ru,wiki_disinfo,1
astrakhan-news.net,wiki_disinfo,1
atamanovskaya-pravda.ru,wiki_disinfo,1
athabat.net,euvsdisinfo,1
athabatnetwork.com,euvsdisinfo,1
athrpress.com,euvsdisinfo,1
aurora.network,euvsdisinfo,1
ava.md,euvsdisinfo,1
avangard-cv.ru,wiki_disinfo,1
avangard-d.ru,wiki_disinfo,1
avangard-os.ru,wiki_disinfo,1
avangard29.ru,wiki_disinfo,1
avangard57.ru,wiki_disinfo,1
avia.pro,euvsdisinfo,1
avilagtitkai.com,euvsdisinfo,1
avisindependent.eu,wiki_disinfo,1
avtonomia.md,euvsdisinfo,1
avturvestnik.ru,wiki_disinfo,1
awanmasr.com,euvsdisinfo,1
awjaz.com,euvsdisinfo,1
awla.news,euvsdisinfo,1
azlsport.com,euvsdisinfo,1
aznews.az,euvsdisinfo,1
azocean.com,euvsdisinfo,1
azovski-bereg.ru,wiki_disinfo,1
azvision.az,euvsdisinfo,1
b-gazeta.ru,wiki_disinfo,1
b-pravda.ru,wiki_disinfo,1
b-volga.ru,wiki_disinfo,1
b92.net,euvsdisinfo,1
babaevogazeta.ru,wiki_disinfo,1
bachi-yurt.ru,wiki_disinfo,1
badil.info,euvsdisinfo,1
bahchisarai-gazeta.ru,wiki_disinfo,1
bahchisaray-gazeta.ru,wiki_disinfo,1
bahnews.com,euvsdisinfo,1
baikal-news.net,wiki_disinfo,1
baikal-ogni.ru,wiki_disinfo,1
baikalskie-ogni.ru,wiki_disinfo,1
bakchar.ru,wiki_disinfo,1
baksanvesti.ru,wiki_disinfo,1
balabanovo-gazeta.ru,wiki_disinfo,1
baladi-news.com,euvsdisinfo,1
baladnaelyoum.com,euvsdisinfo,1
balahna-vestnik.ru,wiki_disinfo,1
balaklavski-rybak.ru,wiki_disinfo,1
balashiha-news.ru,wiki_disinfo,1
balkinews.com,euvsdisinfo,1
baltnews.com,euvsdisinfo,1
baltnews.lt,euvsdisinfo,1
baltvedomosti.ru,wiki_disinfo,1
barabinskie-zemlyaki.ru,wiki_disinfo,1
barnaul-news.net,wiki_disinfo,1
barqnewskw.com,euvsdisinfo,1
bashiskra.ru,wiki_disinfo,1
bb.lv,euvsdisinfo,1
bbc-uk.news,wiki_disinfo,1
bc-news.ru,wiki_disinfo,1
bc-sco.org,wiki_disinfo,1
beirut-news.com,euvsdisinfo,1
beirutme.com,euvsdisinfo,1
beiruttimes.com,euvsdisinfo,1
belbalady.net,euvsdisinfo,1
belgorod-news.net,wiki_disinfo,1
belkalitva.ru,wiki_disinfo,1
belnovosti.by,euvsdisinfo,1
belokruga.ru,wiki_disinfo,1
belomorskie-vesti.ru,wiki_disinfo,1
belorussij.ru,euvsdisinfo,1
belovskaya-niva.ru,wiki_disinfo,1
beloyarski-uspeh.ru,wiki_disinfo,1
belozero.ru,wiki_disinfo,1
belpobeda.ru,wiki_disinfo,1
belpresse.com,euvsdisinfo,1
belsmena.ru,wiki_disinfo,1
belta.by,euvsdisinfo,1
belvestnik.ru,wiki_disinfo,1
belvpo.com,euvsdisinfo,1
belzarya.ru,wiki_disinfo,1
belznamya.ru,wiki_disinfo,1
belzori.ru,wiki_disinfo,1
berbgo.ru,wiki_disinfo,1
berdyansk-news.ru,wiki_disinfo,1
bereg-holmsk.ru,wiki_disinfo,1
berezovski-kurs.ru,wiki_disinfo,1
beya-news.ru,wiki_disinfo,1
bezhetsk-time.ru,wiki_disinfo,1
bezpolitickekorektnosti.cz,euvsdisinfo,1
bfm.ru,euvsdisinfo,1
bgnews168.com,euvsdisinfo,1
big-karachai.ru,wiki_disinfo,1
bigkamen.ru,wiki_disinfo,1
bikin-volna.ru,wiki_disinfo,1
bild-d.beauty,wiki_disinfo,1
bild.asia,wiki_disinfo,1
bild.beauty,wiki_disinfo,1
bild.expert,wiki_disinfo,1
bild.llc,wiki_disinfo,1
bild.pics,wiki_disinfo,1
bild.work,wiki_disinfo,1
bildd.beauty,wiki_disinfo,1
bildd.lol,wiki_disinfo,1
biosferaklub.info,euvsdisinfo,1
birobidzhan-news.net,wiki_disinfo,1
biychanka.press,wiki_disinfo,1
biz.ua,euvsdisinfo,1
biznovoch.ru,wiki_disinfo,1
blagodarnensky.ru,wiki_disinfo,1
blitz.bg,euvsdisinfo,1
blld.live,wiki_disinfo,1
blognews.am,euvsdisinfo,1
blogspot.be,euvsdisinfo,1
blogspot.com,euvsdisinfo,1
blogspot.cz,euvsdisinfo,1
blogspot.ru,euvsdisinfo,1
bloknot-moldova.ru,euvsdisinfo,1
bloknot.ru,euvsdisinfo,1
bobiannews.net,euvsdisinfo,1
bobur.ru,wiki_disinfo,1
bogorodsky-variant.ru,wiki_disinfo,1
boguchany-vestnik.ru,wiki_disinfo,1
boguchar-vesti.ru,wiki_disinfo,1
bogved.ru,wiki_disinfo,1
bokra.net,euvsdisinfo,1
bold-vest.ru,wiki_disinfo,1
boldnews.net,euvsdisinfo,1
bolhov-kur.ru,wiki_disinfo,1
bolmurta.ru,wiki_disinfo,1
bologoe-info.ru,wiki_disinfo,1
boltsaryn.ru,wiki_disinfo,1
bor-gorod.ru,wiki_disinfo,1
borisoglebskie-vesti.ru,wiki_disinfo,1
borodino-panorama.ru,wiki_disinfo,1
borovichanin.ru,wiki_disinfo,1
bostontimes.org,wiki_disinfo,1
br-perekrestok.ru,wiki_disinfo,1
bragazeta.ru,euvsdisinfo,1
brasovkray.ru,wiki_disinfo,1
breaking911.com,proppy,1
breitbart.com,euvsdisinfo,1
britishattitudes.com,wiki_disinfo,1
britishchronicle.com,wiki_disinfo,1
britishtalks.com,wiki_disinfo,1
bryansk-news.net,wiki_disinfo,1
bryuhovetskaya.ru,wiki_disinfo,1
budennovsk-today.ru,wiki_disinfo,1
budnaera.com,euvsdisinfo,1
budniyashkulya.ru,wiki_disinfo,1
build.vip,wiki_disinfo,1
build.work,wiki_disinfo,1
build.ws,wiki_disinfo,1
buinaksk-segodnya.ru,wiki_disinfo,1
bultimes.com,euvsdisinfo,1
bund.pe,wiki_disinfo,1
bundespolizei.pe,wiki_disinfo,1
bur-gaz.ru,wiki_disinfo,1
business-gazeta.ru,euvsdisinfo,1
businessbourse.com,euvsdisinfo,1
bvk-urzhum.ru,wiki_disinfo,1
bwabtk.com,euvsdisinfo,1
bykvu.com,euvsdisinfo,1
c-inform.info,euvsdisinfo,1
cairo24.com,euvsdisinfo,1
capital.ro,euvsdisinfo,1
cargologistic.ru,wiki_disinfo,1
caspium.ru,wiki_disinfo,1
castbox.fm,euvsdisinfo,1
castle-journal.com,euvsdisinfo,1
cawalisse.com,euvsdisinfo,1
cedarnews.net,euvsdisinfo,1
center-lcrc.com,euvsdisinfo,1
center-lcrc.net,euvsdisinfo,1
centralrecord.org,wiki_disinfo,1
ceopom-istina.rs,euvsdisinfo,1
cezarium.com,euvsdisinfo,1
ch23.com,euvsdisinfo,1
chaikovski-vestnik.ru,wiki_disinfo,1
chainskoe-obozrenie.ru,wiki_disinfo,1
chamtimes.com,euvsdisinfo,1
change.org,euvsdisinfo,1
channel3now.com,wiki_disinfo,1
chapliginski.ru,wiki_disinfo,1
chastnoe-mnenie.ru,wiki_disinfo,1
cheb-news.net,wiki_disinfo,1
chegdomin.ru,wiki_disinfo,1
chelyabinsk-news.net,wiki_disinfo,1
cherekvesti.ru,wiki_disinfo,1
cheremhovo-vedomosti.ru,wiki_disinfo,1
cheremhovskie-vedomosti.ru,wiki_disinfo,1
cherkassy-news.ru,wiki_disinfo,1
cherkessk-news.net,wiki_disinfo,1
chernigov-news.ru,wiki_disinfo,1
chernogorsk-city.ru,wiki_disinfo,1
chernomor.press,wiki_disinfo,1
chernovcy-news.ru,wiki_disinfo,1
chernoyarets.ru,wiki_disinfo,1
chicagochron.com,wiki_disinfo,1
chicagocrier.com,wiki_disinfo,1
chita-news.net,wiki_disinfo,1
christian-dogma.com,euvsdisinfo,1
chudovski-kolokol.ru,wiki_disinfo,1
chukotka-news.net,wiki_disinfo,1
chulman-vesti.ru,wiki_disinfo,1
churapchy.ru,wiki_disinfo,1
chvestnik.ru,wiki_disinfo,1
chyi.ru,wiki_disinfo,1
ck.ua,wiki_disinfo,1
clashdaily.com,proppy,1
clay-boards.com,euvsdisinfo,1
clearstory.news,wiki_disinfo,1
cn.ua,wiki_disinfo,1
co.com,wiki_disinfo,1
co.me,euvsdisinfo,1
com.co,wiki_disinfo,1
com.iq,euvsdisinfo,1
com.jo,euvsdisinfo,1
com.kw,euvsdisinfo,1
com.lb,euvsdisinfo,1
com.sa,euvsdisinfo,1
com.ve,euvsdisinfo,1
cominf.org,euvsdisinfo,1
comitet.su,euvsdisinfo,1
communitarian.ru,euvsdisinfo,1
consortiumnews.com,euvsdisinfo,1
cont.ws,euvsdisinfo,1
contra-magazin.com,euvsdisinfo,1
copts-united.com,euvsdisinfo,1
copts-united.org,euvsdisinfo,1
coronanews-lb.com,euvsdisinfo,1
counterpunch.org,euvsdisinfo,1
cratar.net,euvsdisinfo,1
crimea-news.com,euvsdisinfo;wiki_disinfo,2
crimea.ua,wiki_disinfo,1
crimiz.ru,euvsdisinfo,1
crisp.network,euvsdisinfo,1
cropmarketchronicles.us,wiki_disinfo,1
crowdbunker.com,euvsdisinfo,1
csef.ru,euvsdisinfo,1
cuvantul-ortodox.ro,euvsdisinfo,1
cv.ua,wiki_disinfo,1
czechfreepress.cz,euvsdisinfo,1
daaarb.com,euvsdisinfo,1
dagestan-news.net,wiki_disinfo,1
dagkrim.ru,wiki_disinfo,1
dailyadvent.com,euvsdisinfo,1
dailymail.cam,wiki_disinfo,1
dailymail.cfd,wiki_disinfo,1
dailymail.top,wiki_disinfo,1
dailysabah.com,euvsdisinfo,1
dal-pravda.ru,wiki_disinfo,1
dalmatovskaya-niva.ru,wiki_disinfo,1
dalnerech.ru,wiki_disinfo,1
dalnereche.ru,wiki_disinfo,1
damaseyes.com,euvsdisinfo,1
dampress.net,euvsdisinfo,1
dan-news.info,euvsdisinfo,1
danilov-obozrenie.ru,wiki_disinfo,1
dankov-panorama.ru,wiki_disinfo,1
daralakhbar.com,euvsdisinfo,1
daralmaref.com,euvsdisinfo,1
darelhilal.com,euvsdisinfo,1
dataurgente.com,euvsdisinfo,1
davydovskaya-poima.ru,wiki_disinfo,1
dcweekly.org,wiki_disinfo,1
dedovichi.ru,wiki_disinfo,1
deezer.com,euvsdisinfo,1
defense-arab.com,euvsdisinfo,1
delfi.life,wiki_disinfo,1
delfi.today,wiki_disinfo,1
delfi.top,wiki_disinfo,1
delklintsy.ru,wiki_disinfo,1
delkolchugino.ru,wiki_disinfo,1
delkurganinsk.ru,wiki_disinfo,1
delovaya-istra.ru,wiki_disinfo,1
delovayanyurba.ru,wiki_disinfo,1
delovoi-labinsk.ru,wiki_disinfo,1
demyanskaya-okruga.ru,wiki_disinfo,1
denis-kravchenko.ru,wiki_disinfo,1
deniskravchenko.ru,wiki_disinfo,1
densegodnya.ru,euvsdisinfo,1
derbent-vechorka.ru,wiki_disinfo,1
desnogorsk-news.ru,wiki_disinfo,1
dhamarnews.com,euvsdisinfo,1
di.se,euvsdisinfo,1
dialog-kam.ru,wiki_disinfo,1
dialog-pikalevo.ru,wiki_disinfo,1
dialogkarel.ru,wiki_disinfo,1
diario-octubre.com,euvsdisinfo,1
digora-vesti.ru,wiki_disinfo,1
digvesti.ru,wiki_disinfo,1
dinskaya-pravda.ru,wiki_disinfo,1
dinskaya-zhizn.ru,wiki_disinfo,1
diplomatica.ru,wiki_disinfo,1
discred.ru,euvsdisinfo,1
dissidentvoice.org,euvsdisinfo,1
diwanfm.net,euvsdisinfo,1
dixinews.ru,euvsdisinfo,1
djelfa.info,euvsdisinfo,1
dnepr-news.ru,euvsdisinfo;wiki_disinfo,2
dneprnews.com.ua,wiki_disinfo,1
dneprodzerzhinsk-news.ru,wiki_disinfo,1
dni-kulebaki.ru,wiki_disinfo,1
dni.ru,euvsdisinfo,1
dnovets.ru,wiki_disinfo,1
dnr-news.ru,euvsdisinfo;wiki_disinfo,2
dnr-pravda.ru,euvsdisinfo,1
dobri-den.ru,wiki_disinfo,1
dobrii-den.ru,wiki_disinfo,1
dobtrud.ru,wiki_disinfo,1
dolinsk-rybak.ru,wiki_disinfo,1
domen-besplatno.ru,wiki_disinfo,1
dommechta.com,wiki_disinfo,1
domovenok-press.ru,wiki_disinfo,1
don-ak.ru,wiki_disinfo,1
donbass-insider.com,euvsdisinfo,1
donbass.ua,euvsdisinfo,1
donetsk-news.ru,wiki_disinfo,1
donetsk.ua,wiki_disinfo,1
donetski-veteran.ru,wiki_disinfo,1
donetsky-truzhenik.ru,wiki_disinfo,1
donogni.ru,wiki_disinfo,1
dontimes.ru,euvsdisinfo,1
dorconf2009.ru,wiki_disinfo,1
dorogobuzh-gazeta.ru,wiki_disinfo,1
dost-jizn.ru,wiki_disinfo,1
dostor.org,euvsdisinfo,1
dotalkhaleej.co,euvsdisinfo,1
dotalkhaleej.com,euvsdisinfo,1
dp.ua,wiki_disinfo,1
dsnews.ua,euvsdisinfo,1
dubna-gorodok.ru,wiki_disinfo,1
dudinka.org,euvsdisinfo,1
dukhovskie-novosti.ru,wiki_disinfo,1
duldurgin.ru,wiki_disinfo,1
dumatv.ru,euvsdisinfo,1
dyrtuli-express.ru,wiki_disinfo,1
dyur-express.ru,wiki_disinfo,1
dzen.ru,euvsdisinfo,1
dzerzhinetspress.ru,wiki_disinfo,1
dziennik-polityczny.com,euvsdisinfo,1
e-news.pro,euvsdisinfo,1
e-news.su,euvsdisinfo,1
eadaily.com,euvsdisinfo;wiki_disinfo,2
eanlibya.com,euvsdisinfo,1
earthiq.news,euvsdisinfo,1
ech-chaab.com,euvsdisinfo,1
ednews.net,euvsdisinfo,1
eg.ru,euvsdisinfo,1
egorevskoe-utro.ru,wiki_disinfo,1
egorievskoe-utro.ru,wiki_disinfo,1
egypt-today.com,euvsdisinfo,1
egyptianguardan.com,euvsdisinfo,1
egytag.com,euvsdisinfo,1
ehokizlyara.ru,wiki_disinfo,1
ehoosha.com,wiki_disinfo,1
ehoosha.ru,wiki_disinfo,1
eiskiliman.ru,wiki_disinfo,1
el-3rb.com,euvsdisinfo,1
elaosboa.com,euvsdisinfo,1
elaosboa.news,euvsdisinfo,1
elaph.com,euvsdisinfo,1
elarabielyoum.com,euvsdisinfo,1
elbalad.news,euvsdisinfo,1
elbaladtv.net,euvsdisinfo,1
elbashayer.com,euvsdisinfo,1
elbayan-news.com,euvsdisinfo,1
elbrusnews.ru,wiki_disinfo,1
electionwatch.live,wiki_disinfo,1
elextremosur.com,euvsdisinfo,1
elfagr.news,euvsdisinfo,1
elfagr.org,euvsdisinfo,1
elghad.com,euvsdisinfo,1
elhayatalarabiya.net,euvsdisinfo,1
elhiwarettounsi.com,euvsdisinfo,1
elhmra.com,euvsdisinfo,1
elise.com.ua,euvsdisinfo,1
elkanananews.com,euvsdisinfo,1
elkhabar.com,euvsdisinfo,1
elkhotovo.ru,wiki_disinfo,1
elkhov-prostory.ru,wiki_disinfo,1
elmogaz.com,euvsdisinfo,1
elnahardanews.com,euvsdisinfo,1
elnashra.com,euvsdisinfo,1
elqalamcenter.com,euvsdisinfo,1
elsaanews.com,euvsdisinfo,1
elsiyasa.com,euvsdisinfo,1
elssayda.com,euvsdisinfo,1
elwatannews.com,euvsdisinfo,1
emarat-news.ae,euvsdisinfo,1
emaratalyoum.com,euvsdisinfo,1
emediatc.com,euvsdisinfo,1
emelyanovo-besedy.ru,wiki_disinfo,1
emiratesvoice.com,euvsdisinfo,1
enabbaladi.net,euvsdisinfo,1
energy-sciences.org,euvsdisinfo,1
eniseiskaya-gubernia.ru,wiki_disinfo,1
enooma.com,euvsdisinfo,1
enotaevka-listok.ru,wiki_disinfo,1
enotaevski-listok.ru,wiki_disinfo,1
enotcorp.org,euvsdisinfo,1
eot.su,euvsdisinfo,1
epizy.com,euvsdisinfo,1
eportal.cz,euvsdisinfo,1
eqtisadalyoum.com,euvsdisinfo,1
ermakovskoe-utro.ru,wiki_disinfo,1
ertikaznews.com,euvsdisinfo,1
eshraag.com,euvsdisinfo,1
esrt.press,wiki_disinfo,1
essentukskaya.ru,wiki_disinfo,1
esso-news.ru,wiki_disinfo,1
esticrimea.ru,wiki_disinfo,1
estr.online,wiki_disinfo,1
etleboro.org,euvsdisinfo,1
eu.com,wiki_disinfo,1
eurasia-rivista.com,euvsdisinfo,1
eurasianews.md,euvsdisinfo,1
euronewstop.co.uk,wiki_disinfo,1
evenchanka.ru,wiki_disinfo,1
evening-kazan.ru,euvsdisinfo,1
event-sy.net,euvsdisinfo,1
event.sy,euvsdisinfo,1
evpatoria-objectiv.ru,wiki_disinfo,1
evpatoriski.ru,wiki_disinfo,1
evrazia.org,euvsdisinfo,1
evrazklub.ru,euvsdisinfo,1
facepress.ma,euvsdisinfo,1
faces-magazine.ru,wiki_disinfo,1
faces-vol.ru,wiki_disinfo,1
factjo.com,euvsdisinfo,1
fakeoff.org,euvsdisinfo,1
falconeye.tech,wiki_disinfo,1
farsnews.ir,euvsdisinfo,1
fatezhsky-golos.ru,wiki_disinfo,1
faz.agency,wiki_disinfo,1
faz.beauty,wiki_disinfo,1
faz.life,wiki_disinfo,1
faz.lol,wiki_disinfo,1
faz.ltd,wiki_disinfo,1
fazz.beauty,wiki_disinfo,1
fazz.lol,wiki_disinfo,1
federalpress.ru,wiki_disinfo,1
fedpress.ru,euvsdisinfo,1
feneeqnews.com,euvsdisinfo,1
feodosia-prov.ru,wiki_disinfo,1
fibladi.com,euvsdisinfo,1
fishki.net,euvsdisinfo,1
flagstaffpost.com,wiki_disinfo,1
fluierul.ro,euvsdisinfo,1
fonar-yugra.ru,wiki_disinfo,1
fondsk.ru,euvsdisinfo,1
fontanka.ru,euvsdisinfo,1
for.ge,euvsdisinfo,1
forumkrim.ru,wiki_disinfo,1
fox-news.in,wiki_disinfo,1
fox-news.top,wiki_disinfo,1
fox3now.com,wiki_disinfo,1
fox5now.com,wiki_disinfo,1
fox7now.com,wiki_disinfo,1
fraiesvolk.com,wiki_disinfo,1
franceencolere.fr,wiki_disinfo,1
freedomoutpost.com,proppy,1
freemediaforum.info,wiki_disinfo,1
freeposts.net,euvsdisinfo,1
freitag.de,euvsdisinfo,1
fresh-syria.net,euvsdisinfo,1
friatider.se,euvsdisinfo,1
from-ua.com,euvsdisinfo,1
frontpagemag.com,proppy,1
fryazinets.ru,wiki_disinfo,1
furmanovski-vestnik.ru,wiki_disinfo,1
fye-yemen.com,euvsdisinfo,1
gadzhievo-news.ru,wiki_disinfo,1
gagvesti.ru,wiki_disinfo,1
gatchina-dom.press,wiki_disinfo,1
gatchina-press.ru,wiki_disinfo,1
gavrilovyam.ru,wiki_disinfo,1
gazeta-belozerie.ru,wiki_disinfo,1
gazeta-dnovets.ru,wiki_disinfo,1
gazeta-konakovo.ru,wiki_disinfo,1
gazeta-organizator.ru,wiki_disinfo,1
gazeta-osered.ru,wiki_disinfo,1
gazeta-oshmes.ru,wiki_disinfo,1
gazeta-pokrovskoe.ru,wiki_disinfo,1
gazeta-polyus.ru,wiki_disinfo,1
gazeta-safonovo.ru,wiki_disinfo,1
gazeta-shelehov.ru,wiki_disinfo,1
gazeta-sm.ru,wiki_disinfo,1
gazeta-st.ru,wiki_disinfo,1
gazeta-star.ru,wiki_disinfo,1
gazeta-suoyarvi.ru,wiki_disinfo,1
gazeta-tuapse.ru,wiki_disinfo,1
gazeta-volna.ru,wiki_disinfo,1
gazeta-zp.ru,wiki_disinfo,1
gazeta.ru,euvsdisinfo,1
gazetaak.ru,wiki_disinfo,1
gazetababaevo.ru,wiki_disinfo,1
gazetakurg.ru,wiki_disinfo,1
gazetasovetsk.ru,wiki_disinfo,1
gazetatavrika.ru,wiki_disinfo,1
gazetavek.ru,wiki_disinfo,1
gazetavest.info,wiki_disinfo,1
gazetazt.ru,wiki_disinfo,1
gbgeopolitics.com,wiki_disinfo,1
gdov-zarya.ru,wiki_disinfo,1
gekhi.ru,wiki_disinfo,1
geldagana.ru,wiki_disinfo,1
gelendzhik-week.ru,wiki_disinfo,1
genocide-in-ossetia.com,wiki_disinfo,1
geoclub.info,euvsdisinfo,1
geoestrategia.es,euvsdisinfo,1
geopolitica.ru,euvsdisinfo,1
geopolitika.ru,euvsdisinfo,1
georgia-news.com,wiki_disinfo,1
georgievsk-krepost.ru,wiki_disinfo,1
gerasanews.com,euvsdisinfo,1
germanscrimea.ru,wiki_disinfo,1
geroldia.ru,wiki_disinfo,1
geworld.ge,euvsdisinfo,1
giaginskoe-vremya.ru,wiki_disinfo,1
gipanis.ru,wiki_disinfo,1
gizbudni.ru,wiki_disinfo,1
gizelbudni.ru,wiki_disinfo,1
glas-cherepanovo.ru,wiki_disinfo,1
glavred.info,euvsdisinfo,1
globalaffairs.ru,euvsdisinfo,1
globalresearch.ca,euvsdisinfo,1
globalsy.net,euvsdisinfo,1
globovision.com,euvsdisinfo,1
glushkovo-vesti.ru,wiki_disinfo,1
goity-vestnik.ru,wiki_disinfo,1
golantimes.com,euvsdisinfo,1
golden-berdsk.ru,wiki_disinfo,1
golos-chegem.ru,wiki_disinfo,1
golos-dobrinki.ru,wiki_disinfo,1
golos-kh.ru,wiki_disinfo,1
golos-ordynskogo.ru,wiki_disinfo,1
golos-p.ru,wiki_disinfo,1
golos-pestova.ru,wiki_disinfo,1
golos-pr.ru,wiki_disinfo,1
golos-prom.ru,wiki_disinfo,1
golos-shumihi.ru,wiki_disinfo,1
golos-t.ru,wiki_disinfo,1
golosadyg.ru,wiki_disinfo,1
golosamura.ru,wiki_disinfo,1
golosarmenii.am,euvsdisinfo,1
golosladogy.ru,wiki_disinfo,1
golosmozdoka.ru,wiki_disinfo,1
golyshman.ru,wiki_disinfo,1
gomhuriaonline.com,euvsdisinfo,1
google.com,euvsdisinfo,1
goraltay.ru,wiki_disinfo,1
gorcomvest.ru,wiki_disinfo,1
gorlovka-news.ru,wiki_disinfo,1
gorlovka-pravda.com,euvsdisinfo,1
gornaya-pravda.ru,wiki_disinfo,1
gorod-frolovo.ru,wiki_disinfo,1
gorod-kostomuksha.ru,wiki_disinfo,1
gorod-kurchatov.ru,wiki_disinfo,1
gorod-lukhovitsy.ru,wiki_disinfo,1
gorod-oboyan.ru,wiki_disinfo,1
gorod-ostrov.ru,wiki_disinfo,1
gorod-sovetsky.ru,wiki_disinfo,1
gorod-uchaly.ru,wiki_disinfo,1
gorod-usman.ru,wiki_disinfo,1
gorodbeloretsk.ru,wiki_disinfo,1
gorodostrov.info,wiki_disinfo,1
gorodsibai.ru,wiki_disinfo,1
gorokhovets-vesti.ru,wiki_disinfo,1
gorozhane-gazeta.ru,wiki_disinfo,1
gorpravda.ru,wiki_disinfo,1
gorshechnoe-vremya.ru,wiki_disinfo,1
goryachi-klyuch.ru,wiki_disinfo,1
gosnovosti.com,euvsdisinfo,1
gossur.com,euvsdisinfo,1
gouv.fm,wiki_disinfo,1
govorit-bobrov.ru,wiki_disinfo,1
govorit-krivosheino.ru,wiki_disinfo,1
govorit-luga.ru,wiki_disinfo,1
govorit-sichovka.ru,wiki_disinfo,1
govorit-sychevka.ru,wiki_disinfo,1
govorit-zhukovka.ru,wiki_disinfo,1
govoritluga.ru,wiki_disinfo,1
govv.pw,wiki_disinfo,1
grach26.ru,wiki_disinfo,1
gradjeleznogorsk.ru,wiki_disinfo,1
gradzheleznogorsk.ru,wiki_disinfo,1
graphforum.com,euvsdisinfo,1
greanvillepost.com,euvsdisinfo,1
grozny-news.net,wiki_disinfo,1
grt.md,euvsdisinfo,1
gryazinski-vestnik.ru,wiki_disinfo,1
gtrklnr.ru,euvsdisinfo,1
gudermes-izvestia.ru,wiki_disinfo,1
gulf365.co,euvsdisinfo,1
gulf365.com,euvsdisinfo,1
gulkevichi-press.ru,wiki_disinfo,1
gulkevichi-week.ru,wiki_disinfo,1
gurievsk-variant.ru,wiki_disinfo,1
gurievski-vestnik.ru,wiki_disinfo,1
gusnovosti.ru,wiki_disinfo,1
h-priziv.ru,wiki_disinfo,1
hadasnow.com,euvsdisinfo,1
hadatcom.com,euvsdisinfo,1
hadutta.com,euvsdisinfo,1
hafryat.com,euvsdisinfo,1
hakaekonline.com,euvsdisinfo,1
hamsaat.co,euvsdisinfo,1
hangalasski-ulus.ru,wiki_disinfo,1
haramoon.com,euvsdisinfo,1
harovskpriziv.ru,wiki_disinfo,1
hasanvesti.ru,wiki_disinfo,1
hasavyurt-vestnik.ru,wiki_disinfo,1
hathalyoum.net,euvsdisinfo,1
hawaalsham.com,euvsdisinfo,1
hawamer.com,euvsdisinfo,1
hayeli.am,euvsdisinfo,1
hayrout.com,euvsdisinfo,1
hdhod.com,euvsdisinfo,1
headtopics.com,euvsdisinfo,1
hibapress.com,euvsdisinfo,1
hibrpress.com,euvsdisinfo,1
hidfo.ru,euvsdisinfo,1
himki-gazeta.ru,wiki_disinfo,1
hipanis.ru,wiki_disinfo,1
hispantv.com,euvsdisinfo,1
hlavnespravy.sk,euvsdisinfo,1
hlevenskaya-okruga.ru,wiki_disinfo,1
hmak.org,euvsdisinfo,1
hoc-enews.com,euvsdisinfo,1
holylandherald.com,wiki_disinfo,1
hornews.ru,euvsdisinfo,1
hournews.net,euvsdisinfo,1
houstonpost.org,wiki_disinfo,1
hraparak.am,euvsdisinfo,1
human-voice.co,euvsdisinfo,1
hvoinaya-raion.ru,wiki_disinfo,1
iarex.ru,euvsdisinfo,1
icrea.ru,wiki_disinfo,1
if-news.ru,wiki_disinfo,1
if.ua,wiki_disinfo,1
ikhwan.online,euvsdisinfo,1
ilanskoe-znamya.ru,wiki_disinfo,1
ilmen-berega.ru,wiki_disinfo,1
ilna.news,euvsdisinfo,1
ilsky-golos.ru,wiki_disinfo,1
ilsky-gorozhanin.ru,wiki_disinfo,1
imhoclub.by,euvsdisinfo,1
imlebanon.org,euvsdisinfo,1
in4s.net,euvsdisinfo,1
independent.md,euvsdisinfo,1
indsever.ru,wiki_disinfo,1
infa.lt,euvsdisinfo,1
info-kras.ru,wiki_disinfo,1
infoabakan.ru,wiki_disinfo,1
infoabhaziya.ru,wiki_disinfo,1
infoadyg.ru,wiki_disinfo,1
infoadygea.ru,wiki_disinfo,1
infoafip.ru,wiki_disinfo,1
infoagidel.ru,wiki_disinfo,1
infoak-dovurak.ru,wiki_disinfo,1
infoalan.ru,wiki_disinfo,1
infoalania.ru,wiki_disinfo,1
infoaldan.ru,wiki_disinfo,1
infoaleisk.ru,wiki_disinfo,1
infoalta.ru,wiki_disinfo,1
infoamur.ru,wiki_disinfo,1
infoarsenev.ru,wiki_disinfo,1
infoarseniev.ru,wiki_disinfo,1
infoastra.ru,wiki_disinfo,1
infoavtury.ru,wiki_disinfo,1
infobabushkin.ru,wiki_disinfo,1
infobaltica.ru,wiki_disinfo,1
infobash.ru,wiki_disinfo,1
infobaykal.ru,wiki_disinfo,1
infobelg.ru,wiki_disinfo,1
infoberezovka.ru,wiki_disinfo,1
infobeslan.ru,wiki_disinfo,1
infobira.ru,wiki_disinfo,1
infoblag.ru,wiki_disinfo,1
infobrics.org,wiki_disinfo,1
infobrics.ru,wiki_disinfo,1
infoburatia.ru,wiki_disinfo,1
infoburyatia.ru,wiki_disinfo,1
infocenter-odessa.com,euvsdisinfo,1
infochadan.ru,wiki_disinfo,1
infochelyabinsk.ru,wiki_disinfo,1
infochermen.ru,wiki_disinfo,1
infochukotka.ru,wiki_disinfo,1
infochuv.ru,wiki_disinfo,1
infochuvashia.ru,wiki_disinfo,1
infocursk.ru,wiki_disinfo,1
infodag.ru,wiki_disinfo,1
infodesna.info,wiki_disinfo,1
infodivnoe.ru,wiki_disinfo,1
infodivnogorsk.ru,wiki_disinfo,1
infodnepr.ru,wiki_disinfo,1
infodobryanka.ru,wiki_disinfo,1
infodonskoe.ru,wiki_disinfo,1
infodubrovka.ru,wiki_disinfo,1
infoduldurga.ru,wiki_disinfo,1
infodvina.ru,wiki_disinfo,1
infodyatkovo.ru,wiki_disinfo,1
infoelbrus.ru,wiki_disinfo,1
infoelburgan.ru,wiki_disinfo,1
infoelizavetinskaya.ru,wiki_disinfo,1
infoelizovo.ru,wiki_disinfo,1
infoenisey.ru,wiki_disinfo,1
infoglazunovka.ru,wiki_disinfo,1
infogornyak.ru,wiki_disinfo,1
infogorodovikovsk.ru,wiki_disinfo,1
infogukovo.ru,wiki_disinfo,1
infogulkevichi.ru,wiki_disinfo,1
infohab.ru,wiki_disinfo,1
infohabarovsk.ru,wiki_disinfo,1
infoingush.ru,wiki_disinfo,1
infoingushetia.ru,wiki_disinfo,1
infoipatovo.ru,wiki_disinfo,1
infoirkut.ru,wiki_disinfo,1
infoiset.ru,wiki_disinfo,1
infoistochnik.ru,wiki_disinfo,1
infoivanovo.ru,wiki_disinfo,1
infokalgan.ru,wiki_disinfo,1
infokalm.ru,wiki_disinfo,1
infokalmykia.ru,wiki_disinfo,1
infokaltan.ru,wiki_disinfo,1
infokaluga.ru,wiki_disinfo,1
infokama.ru,wiki_disinfo,1
infokamchatka.ru,wiki_disinfo,1
infokamyshin.ru,wiki_disinfo,1
infokamysin.ru,wiki_disinfo,1
infokaraga.ru,wiki_disinfo,1
infokarel.ru,wiki_disinfo,1
infokarelia.ru,wiki_disinfo,1
infokargasok.ru,wiki_disinfo,1
infokatun.ru,wiki_disinfo,1
infokb.ru,wiki_disinfo,1
infokemer.ru,wiki_disinfo,1
infokemerovo.ru,wiki_disinfo,1
infokg.ru,wiki_disinfo,1
infokirgizia.ru,wiki_disinfo,1
infokirovsk.ru,wiki_disinfo,1
infokirzhach.ru,wiki_disinfo,1
infokola.ru,wiki_disinfo,1
infokologriv.ru,wiki_disinfo,1
infokomi.ru,wiki_disinfo,1
infokommunar.ru,wiki_disinfo,1
infokostroma.info,wiki_disinfo,1
infokrasn.ru,wiki_disinfo,1
infokrasnodar.ru,wiki_disinfo,1
infokrim.info,wiki_disinfo,1
infokurg.ru,wiki_disinfo,1
infokurgan.ru,wiki_disinfo,1
infokursavka.ru,wiki_disinfo,1
infokursk.info,wiki_disinfo,1
infokursk.pro,wiki_disinfo,1
infokurskaya.ru,wiki_disinfo,1
infokushchevskaya.ru,wiki_disinfo,1
infolena.ru,wiki_disinfo,1
infolipechk.ru,wiki_disinfo,1
infolipetsk.com,wiki_disinfo,1
infoliski.ru,wiki_disinfo,1
infomagad.ru,wiki_disinfo,1
infomagadan.ru,wiki_disinfo,1
infomaima.ru,wiki_disinfo,1
infomari.ru,wiki_disinfo,1
infomarket.md,euvsdisinfo,1
infomelenki.ru,wiki_disinfo,1
infomikhailovka.ru,wiki_disinfo,1
infominusinsk.ru,wiki_disinfo,1
infomordovia.ru,wiki_disinfo,1
infomosk.ru,wiki_disinfo,1
infomoskovia.ru,wiki_disinfo,1
infomurmansk.ru,wiki_disinfo,1
infoneftekumsk.ru,wiki_disinfo,1
infonen.ru,wiki_disinfo,1
infonerl.ru,wiki_disinfo,1
infoneva.ru,wiki_disinfo,1
infonikolskoe.ru,wiki_disinfo,1
infonnov.ru,wiki_disinfo,1
infonovgorod.ru,wiki_disinfo,1
infonovokubansk.ru,wiki_disinfo,1
infonovosib.ru,wiki_disinfo,1
infonovosibirsk.ru,wiki_disinfo,1
infonovousman.ru,wiki_disinfo,1
infonovousmansk.ru,wiki_disinfo,1
infonsib.ru,wiki_disinfo,1
infooka.ru,wiki_disinfo,1
infoolekma.ru,wiki_disinfo,1
infoom.ru,wiki_disinfo,1
infoorenburg.ru,wiki_disinfo,1
infoossora.ru,wiki_disinfo,1
infoparma.ru,wiki_disinfo,1
infopartizansk.ru,wiki_disinfo,1
infopechora.ru,wiki_disinfo,1
infopoltavskaya.ru,wiki_disinfo,1
infopraskoveya.ru,wiki_disinfo,1
infopriazove.ru,wiki_disinfo,1
infopriozersk.ru,wiki_disinfo,1
infopskov.ru,wiki_disinfo,1
infopskova.ru,wiki_disinfo,1
infopur.ru,wiki_disinfo,1
infopushkino.ru,wiki_disinfo,1
inforaychihinsk.ru,wiki_disinfo,1
inform-kurier.ru,wiki_disinfo,1
inform-relig.ru,euvsdisinfo,1
informationclearinghouse.info,euvsdisinfo,1
informer.rs,euvsdisinfo,1
informing.ru,euvsdisinfo,1
inforos.org,wiki_disinfo,1
inforos.ru,euvsdisinfo;wiki_disinfo,2
inforost.ru,wiki_disinfo,1
inforuss.info,euvsdisinfo,1
inforyaz.ru,wiki_disinfo,1
inforyazan.com,wiki_disinfo,1
infosahalin.ru,wiki_disinfo,1
infosam.ru,wiki_disinfo,1
infosamara.press,wiki_disinfo,1
infosarat.ru,wiki_disinfo,1
infosco.biz,wiki_disinfo,1
infosco.org,wiki_disinfo,1
infosevastopol.ru,wiki_disinfo,1
infoseveromorsk.ru,wiki_disinfo,1
infoshagonar.ru,wiki_disinfo,1
infosharya.ru,wiki_disinfo,1
infoshos.ru,euvsdisinfo;wiki_disinfo,2
infosibai.ru,wiki_disinfo,1
infosibir.ru,wiki_disinfo,1
infosimbirsk.ru,wiki_disinfo,1
infosindependants.fr,wiki_disinfo,1
infosmi.net,euvsdisinfo,1
infosobolevo.ru,wiki_disinfo,1
infosokol.ru,wiki_disinfo,1
infosolnechnyi.ru,wiki_disinfo,1
infostavr.ru,wiki_disinfo,1
infosura.ru,wiki_disinfo,1
infosvetogorsk.ru,wiki_disinfo,1
infotag.md,euvsdisinfo,1
infotam.ru,wiki_disinfo,1
infotambov.ru,wiki_disinfo,1
infotatarstan.ru,wiki_disinfo,1
infotbilisskaya.ru,wiki_disinfo,1
infotemryuk.ru,wiki_disinfo,1
infoterek.info,wiki_disinfo,1
infoterek.ru,wiki_disinfo,1
infotigil.ru,wiki_disinfo,1
infotilichiki.ru,wiki_disinfo,1
infotom.ru,wiki_disinfo,1
infotosno.ru,wiki_disinfo,1
infotsiolkovskiy.ru,wiki_disinfo,1
infotul.ru,wiki_disinfo,1
infotula.com,wiki_disinfo,1
infotumen.ru,wiki_disinfo,1
infoturan.ru,wiki_disinfo,1
infotuva.ru,wiki_disinfo,1
infotver.ru,wiki_disinfo,1
infotvers.ru,wiki_disinfo,1
infotynda.ru,wiki_disinfo,1
infoudachniy.ru,wiki_disinfo,1
infoudm.ru,wiki_disinfo,1
infoudmurtia.ru,wiki_disinfo,1
infoulyanovsk.ru,wiki_disinfo,1
infouraltau.ru,wiki_disinfo,1
infovladimiria.ru,wiki_disinfo,1
infovojna.sk,euvsdisinfo,1
infovolg.ru,wiki_disinfo,1
infovolga.com,wiki_disinfo,1
infovolhov.ru,wiki_disinfo,1
infovolog.ru,wiki_disinfo,1
infovologda.ru,wiki_disinfo,1
infovoroneg.ru,wiki_disinfo,1
infovoronezh.com,wiki_disinfo,1
infovostok.ru,wiki_disinfo,1
infovulkan.ru,wiki_disinfo,1
infovyatka.ru,wiki_disinfo,1
infovyksa.ru,wiki_disinfo,1
infox.ru,euvsdisinfo,1
infoya.ru,wiki_disinfo,1
infoyakutia.ru,wiki_disinfo,1
infoyamal.ru,wiki_disinfo,1
infoyanaul.ru,wiki_disinfo,1
infoygra.ru,wiki_disinfo,1
infoyug.ru,wiki_disinfo,1
infoyugra.ru,wiki_disinfo,1
infozelenokumsk.ru,wiki_disinfo,1
infozeya.ru,wiki_disinfo,1
infozverevo.ru,wiki_disinfo,1
ingush-meridian.ru,wiki_disinfo,1
ingushetiya-news.net,wiki_disinfo,1
initsiativakrim.ru,wiki_disinfo,1
innfrad.com,euvsdisinfo,1
innlebanon.com,euvsdisinfo,1
inosmi.ru,euvsdisinfo,1
inpolitics.ro,euvsdisinfo,1
insafpress.com,euvsdisinfo,1
interaffairs.ru,euvsdisinfo,1
interfax-russia.ru,euvsdisinfo,1
interfax.ru,euvsdisinfo,1
inthenow.media,wiki_disinfo,1
irafi.ru,wiki_disinfo,1
iranpress.com,euvsdisinfo,1
iraqnewspaper.net,euvsdisinfo,1
iraqtoday.net,euvsdisinfo,1
iravunk.com,euvsdisinfo,1
irbeiskoe-vremya.ru,wiki_disinfo,1
irkutsk-news.net,wiki_disinfo,1
isetskaya-pravda.ru,wiki_disinfo,1
isetski-efir.ru,wiki_disinfo,1
iskra-dnr.ru,euvsdisinfo,1
iskra-et.ru,wiki_disinfo,1
iskra-j.ru,wiki_disinfo,1
iskra-vihorevki.ru,wiki_disinfo,1
islamist-movements.com,euvsdisinfo,1
islamtimes.org,euvsdisinfo,1
istoki-p.ru,wiki_disinfo,1
itoday.ru,euvsdisinfo,1
iv-gazeta.ru,wiki_disinfo,1
ivanovo-news.net,wiki_disinfo,1
ivanovskie-rassvety.ru,wiki_disinfo,1
ivanovskie-rodniki.ru,wiki_disinfo,1
iz.ru,euvsdisinfo,1
izborsk.md,euvsdisinfo,1
izhevsk-news.net,wiki_disinfo,1
izvestia.ru,euvsdisinfo,1
izvor-bg.ru,wiki_disinfo,1
jannahnews.com,euvsdisinfo,1
janoub24.com,euvsdisinfo,1
jatay.ru,wiki_disinfo,1
jbcnews.net,euvsdisinfo,1
jebalalbalqa.com,euvsdisinfo,1
jebchit.com,euvsdisinfo,1
jenbur.ru,wiki_disinfo,1
jewishjournal.info,wiki_disinfo,1
jiraboom.pro,wiki_disinfo,1
jo24.net,euvsdisinfo,1
johnhelmer.net,euvsdisinfo,1
jordanzad.com,euvsdisinfo,1
jpnews-sy.net,euvsdisinfo,1
juancole.com,euvsdisinfo,1
jusoorpost.com,euvsdisinfo,1
jusur.com,euvsdisinfo,1
k-koncept.ru,wiki_disinfo,1
k-sorm.ru,wiki_disinfo,1
ka-izvestia.ru,wiki_disinfo,1
kaa-khem.press,wiki_disinfo,1
kabansk-d.ru,wiki_disinfo,1
kachaf.com,euvsdisinfo,1
kadara.ru,euvsdisinfo,1
kalach-inform.ru,wiki_disinfo,1
kalach-izvestia.ru,wiki_disinfo,1
kaleidoskop-pavlovo.ru,wiki_disinfo,1
kalevalskaya-gornitsa.ru,wiki_disinfo,1
kaliningrad-news.net,wiki_disinfo,1
kaliningradfirst.ru,euvsdisinfo,1
kalmykia-news.net,wiki_disinfo,1
kaluga-news.net,wiki_disinfo,1
kamchatka-news.net,wiki_disinfo,1
kamenskie-sobytia.ru,wiki_disinfo,1
kamyshlin.ru,wiki_disinfo,1
kamyzyak-rodnik.ru,wiki_disinfo,1
kan-imo.ru,wiki_disinfo,1
kan-kanev.ru,wiki_disinfo,1
kanevskaya-nedelya.ru,wiki_disinfo,1
kapital-rus.ru,euvsdisinfo,1
karabashrab.ru,wiki_disinfo,1
karabulak-sovet.ru,wiki_disinfo,1
karadzic-odbrana.com,euvsdisinfo,1
karaga-raion.ru,wiki_disinfo,1
karagasok.ru,wiki_disinfo,1
karakib.net,euvsdisinfo,1
karamnews.com,euvsdisinfo,1
karavest.ru,wiki_disinfo,1
karel-news.ru,wiki_disinfo,1
karelia-news.net,wiki_disinfo,1
kargasok-gazeta.ru,wiki_disinfo,1
karpinrab.ru,wiki_disinfo,1
kasimov-panorama.ru,wiki_disinfo,1
kasimovskaya-panorama.ru,wiki_disinfo,1
kaspinews.ru,wiki_disinfo,1
kaspiyskie-stranitsi.ru,wiki_disinfo,1
kaspnews.ru,wiki_disinfo,1
kataiski-gorozhanin.ru,wiki_disinfo,1
katar-yurt.ru,wiki_disinfo,1
kavkaz-meridian.ru,wiki_disinfo,1
kazachia-buhta.ru,wiki_disinfo,1
kazan-news.net,wiki_disinfo,1
kazanskoe-dzd.ru,wiki_disinfo,1
kbsf-tv.com,wiki_disinfo,1
kemerovo-news.net,wiki_disinfo,1
kerch-rb.ru,wiki_disinfo,1
khabaralyoum.com,euvsdisinfo,1
khabarmaroc.com,euvsdisinfo,1
khabarmasr.com,euvsdisinfo,1
khabarovsk-news.net,wiki_disinfo,1
khaberni.com,euvsdisinfo,1
khadyzhensk-pravda.ru,wiki_disinfo,1
kharkiv.ua,wiki_disinfo,1
khasynsky.ru,wiki_disinfo,1
khbrk.net,euvsdisinfo,1
kherson-news.ru,wiki_disinfo,1
kherson.life,euvsdisinfo,1
khiyam.com,euvsdisinfo,1
khlaasa.net,euvsdisinfo,1
khmelnitskiy-news.ru,wiki_disinfo,1
khtvesti.ru,wiki_disinfo,1
kiev-news.com.ua,wiki_disinfo,1
kiev.ua,euvsdisinfo;wiki_disinfo,2
kimry-region.ru,wiki_disinfo,1
kineshma-pravda.ru,wiki_disinfo,1
kingisepp-day.ru,wiki_disinfo,1
kirov-news.net,wiki_disinfo,1
kirovest.ru,wiki_disinfo,1
kirovograd-news.ru,wiki_disinfo,1
kirovsk-gazeta.ru,wiki_disinfo,1
kislovodskaya-pravda.ru,wiki_disinfo,1
kitay-gorod.ru,wiki_disinfo,1
kizlyar-izvestia.ru,wiki_disinfo,1
kizlyar-vesti.ru,wiki_disinfo,1
kizlyarskie-izvestia.ru,wiki_disinfo,1
klimvestnik.ru,wiki_disinfo,1
klin-novosti.ru,wiki_disinfo,1
klivehub.com,euvsdisinfo,1
klyoum.com,euvsdisinfo,1
km.ua,wiki_disinfo,1
kobzarev.com,wiki_disinfo,1
kochenevo-gazeta.ru,wiki_disinfo,1
kodinskie-vesty.ru,wiki_disinfo,1
kogalym-rb.ru,wiki_disinfo,1
kola-bay.ru,wiki_disinfo,1
kolibri.press,euvsdisinfo,1
kolokolrussia.ru,euvsdisinfo,1
kolomnal.ru,wiki_disinfo,1
kolym-pravda.ru,wiki_disinfo,1
komarichi-kray.ru,wiki_disinfo,1
komi-news.net,wiki_disinfo,1
kommersant.ru,euvsdisinfo,1
kompas-gubkina.ru,wiki_disinfo,1
kompass-bui.ru,wiki_disinfo,1
komsomol-news.ru,wiki_disinfo,1
komvolna.ru,wiki_disinfo,1
kondopoj.ru,wiki_disinfo,1
kondrovskie-budni.ru,wiki_disinfo,1
konstantinovsk-today.ru,wiki_disinfo,1
kontakt-sayansk.ru,wiki_disinfo,1
korabel-sv.ru,wiki_disinfo,1
korablino-gazeta.ru,wiki_disinfo,1
korenovskaya-nov.ru,wiki_disinfo,1
korolyov-news.ru,wiki_disinfo,1
korrespondent.net,euvsdisinfo,1
kosh-agach.com,wiki_disinfo,1
koshekhabl.ru,wiki_disinfo,1
kostroma-news.net,wiki_disinfo,1
kotovestnik.ru,wiki_disinfo,1
kovrovgazeta.ru,wiki_disinfo,1
kozelsky-telegraf.ru,wiki_disinfo,1
kozhkrai.ru,wiki_disinfo,1
kozulsk-gazeta.ru,wiki_disinfo,1
kp.kz,euvsdisinfo,1
kp.ru,euvsdisinfo,1
kp.ua,euvsdisinfo,1
kprf.ru,euvsdisinfo,1
kr.ua,wiki_disinfo,1
kramatorsk-news.ru,wiki_disinfo,1
kras-okt.ru,wiki_disinfo,1
krasnodar-news.net,wiki_disinfo,1
krasnoe-znamya.info,wiki_disinfo,1
krasnoozerskoe.ru,wiki_disinfo,1
krasnoper.ru,wiki_disinfo,1
krasnoyarsk-news.net,wiki_disinfo,1
krasnoznamensk-plus.ru,wiki_disinfo,1
krasnoznamya.ru,wiki_disinfo,1
kremenchug-news.ru,wiki_disinfo,1
kremenki-inform.ru,wiki_disinfo,1
kremlin.ru,euvsdisinfo,1
krestetski-raion.ru,wiki_disinfo,1
kresy24.pl,euvsdisinfo,1
krim-gazeta.ru,wiki_disinfo,1
krimkuray.ru,wiki_disinfo,1
krivoy-rog-news.ru,wiki_disinfo,1
kromskie-rodniki.ru,wiki_disinfo,1
krovstroy.ru,wiki_disinfo,1
krymsk-krasnodar.ru,wiki_disinfo,1
ks.ua,wiki_disinfo,1
kshensky-vestnik.ru,wiki_disinfo,1
kstovo-budni.ru,wiki_disinfo,1
kstovskie-budni.ru,wiki_disinfo,1
ktmu.ru,wiki_disinfo,1
ku-metallurg.ru,wiki_disinfo,1
kubanskie-volny.ru,wiki_disinfo,1
kudymkar-vedomosti.ru,wiki_disinfo,1
kulebaki.press,wiki_disinfo,1
kungurgazeta.ru,wiki_disinfo,1
kupino-gazeta.ru,wiki_disinfo,1
kurchaloi.ru,wiki_disinfo,1
kurdstreet.com,euvsdisinfo,1
kurer-sreda.ru,euvsdisinfo,1
kurgan-news.net,wiki_disinfo,1
kurir.rs,euvsdisinfo,1
kursk-news.net,wiki_disinfo,1
kurtamish.ru,wiki_disinfo,1
kuwait.tt,euvsdisinfo,1
kyahta-gazeta.ru,wiki_disinfo,1
l-baikal.ru,wiki_disinfo,1
l0n.news,euvsdisinfo,1
la-croix.cam,wiki_disinfo,1
laamedia.net,euvsdisinfo,1
labinskie-berega.ru,wiki_disinfo,1
labrand.ru,wiki_disinfo,1
ladoga-krai.ru,wiki_disinfo,1
ladozhski-krai.ru,wiki_disinfo,1
lahaine.org,euvsdisinfo,1
laisvaslaikrastis.lt,euvsdisinfo,1
lalishduhok.com,euvsdisinfo,1
lanacanal.tv,euvsdisinfo,1
lanationarabe.com,euvsdisinfo,1
lantidiplomatico.it,euvsdisinfo,1
larepublica.pe,euvsdisinfo,1
latvia-news.com,wiki_disinfo,1
ldiena.lt,euvsdisinfo,1
le12.ma,euvsdisinfo,1
leaducation.ru,wiki_disinfo,1
lebanese-forces.com,euvsdisinfo,1
lebanon24.com,euvsdisinfo,1
lebanondebate.com,euvsdisinfo,1
lebanonfiles.com,euvsdisinfo,1
lebanonon.com,euvsdisinfo,1
lebanontoday.net,euvsdisinfo,1
lebedyanskaya.ru,wiki_disinfo,1
lemonde.ltd,wiki_disinfo,1
lensklife.ru,wiki_disinfo,1
lensky-nasleg.ru,wiki_disinfo,1
lenta.ru,euvsdisinfo,1
lentafeed.com,euvsdisinfo,1
leparisien.cc,wiki_disinfo,1
leparisien.ltd,wiki_disinfo,1
leparisien.pm,wiki_disinfo,1
lepoint.foo,wiki_disinfo,1
lepoint.info,wiki_disinfo,1
lesken-gazeta.ru,wiki_disinfo,1
lesoir.info,wiki_disinfo,1
lesosibirsk-vesti.ru,wiki_disinfo,1
lesozavodsk-time.ru,wiki_disinfo,1
lestnicagzt.ru,wiki_disinfo,1
levokumsk.ru,wiki_disinfo,1
levozerovo.ru,wiki_disinfo,1
lewrockwell.com,proppy,1
lg.ua,wiki_disinfo,1
lgovsky-vestnik.ru,wiki_disinfo,1
liberation.ltd,wiki_disinfo,1
libya-news.com,euvsdisinfo,1
libyajeel.com,euvsdisinfo,1
libyanews.co,euvsdisinfo,1
lidovky.cz,euvsdisinfo,1
liesofwallstreet.com,wiki_disinfo,1
life-kch.ru,wiki_disinfo,1
life.ru,euvsdisinfo,1
lifenews.ru,euvsdisinfo,1
limanvestnik.ru,wiki_disinfo,1
lipetsk-news.net,wiki_disinfo,1
liqaa.be,euvsdisinfo,1
liski-gorod.ru,wiki_disinfo,1
listok-ga.ru,wiki_disinfo,1
lithuania-news.com,wiki_disinfo,1
livejournal.com,euvsdisinfo,1
livenews.am,euvsdisinfo,1
livny-na-ladoni.ru,wiki_disinfo,1
lk-anons.ru,wiki_disinfo,1
lnr-news.ru,wiki_disinfo,1
lobnya-pravda.ru,wiki_disinfo,1
lomazoma.com,euvsdisinfo,1
londonchronicle.news,wiki_disinfo,1
londoncrier.co.uk,wiki_disinfo,1
londoncrier.com,wiki_disinfo,1
londontodays.com,euvsdisinfo,1
louhi24.ru,wiki_disinfo,1
lovozero-vzglyad.ru,wiki_disinfo,1
ludprol.ru,wiki_disinfo,1
lug-info.com,euvsdisinfo,1
lugansk-news.ru,wiki_disinfo,1
lviv.ua,wiki_disinfo,1
lvov-news.ru,wiki_disinfo,1
lyubitino-news.ru,wiki_disinfo,1
lyudinka.ru,wiki_disinfo,1
lyudinovski-proletari.ru,wiki_disinfo,1
m-gazeta.info,wiki_disinfo,1
m-ingushetiya.ru,wiki_disinfo,1
m24.ru,euvsdisinfo,1
maannews.net,euvsdisinfo,1
macht-steuert-wissen.de,euvsdisinfo,1
magadan-news.net,wiki_disinfo,1
magdagachi-press.ru,wiki_disinfo,1
magnievik.ru,wiki_disinfo,1
mairtup-zemledelets.ru,wiki_disinfo,1
mairtup.info,wiki_disinfo,1
mako.news,wiki_disinfo,1
malaya-purga.ru,wiki_disinfo,1
malderbety.ru,wiki_disinfo,1
malovisherskaya-pravda.ru,wiki_disinfo,1
maloyar-izvestiya.ru,wiki_disinfo,1
maloyaroslavets-izvestia.ru,wiki_disinfo,1
mamonovskie-vesti.ru,wiki_disinfo,1
manber.ch,euvsdisinfo,1
mangish.net,euvsdisinfo,1
manych-press.ru,wiki_disinfo,1
maqalh.net,euvsdisinfo,1
maqar.com,euvsdisinfo,1
marayainternational.com,euvsdisinfo,1
mariel-news.net,wiki_disinfo,1
mariinsk-gorod.ru,wiki_disinfo,1
mariupol-news.ru,wiki_disinfo,1
marshalpress.ge,euvsdisinfo,1
masr30.net,euvsdisinfo,1
masralyoum.net,euvsdisinfo,1
masrawy.com,euvsdisinfo,1
masress.com,euvsdisinfo,1
matnnews.com,euvsdisinfo,1
mawazin.net,euvsdisinfo,1
mawteni48.com,euvsdisinfo,1
maximum-kor.ru,wiki_disinfo,1
mazpress.com,euvsdisinfo,1
mcensky.ru,wiki_disinfo,1
mdgazet.ru,wiki_disinfo,1
mediaalternatif.fr,wiki_disinfo,1
mediabrest.by,euvsdisinfo,1
mediafax.ru,euvsdisinfo,1
medialeaks.ru,euvsdisinfo,1
mediarepost.ru,euvsdisinfo,1
medias-dz.com,euvsdisinfo,1
mediaset.it,euvsdisinfo,1
medvenka.ru,wiki_disinfo,1
megazine.cz,euvsdisinfo,1
mejdure4e.ru,wiki_disinfo,1
mejdurecie.md,euvsdisinfo,1
meleuzka.info,wiki_disinfo,1
melitopol-news.ru,wiki_disinfo,1
memilitary.com,euvsdisinfo,1
mena-monitor.org,euvsdisinfo,1
menafn.com,euvsdisinfo,1
mercurius11.ru,wiki_disinfo,1
mes7at.com,euvsdisinfo,1
mesagerul.ro,euvsdisinfo,1
meshwarmedia.com,euvsdisinfo,1
mestnaya-vlast.ru,wiki_disinfo,1
metall-forma.ru,wiki_disinfo,1
metall-vitamet.ru,wiki_disinfo,1
metals-trading.pro,wiki_disinfo,1
metro.se,euvsdisinfo,1
mezhveter.ru,wiki_disinfo,1
mfa-qov.info,wiki_disinfo,1
mfa-rso.su,euvsdisinfo,1
mglinsky-golos.ru,wiki_disinfo,1
miamichron.com,wiki_disinfo,1
mid.ru,euvsdisinfo,1
mideastdiscourse.com,euvsdisinfo,1
mih-vestnik.ru,wiki_disinfo,1
mihailov-glavnoe.ru,wiki_disinfo,1
mikhailovskoe-vremya.ru,wiki_disinfo,1
mikhajlovskoe.ru,wiki_disinfo,1
militarynews.ru,euvsdisinfo,1
milkovo-vesti.ru,wiki_disinfo,1
milkovskie-vesti.ru,wiki_disinfo,1
minusinsk-today.ru,wiki_disinfo,1
minvody-time.ru,wiki_disinfo,1
mir-baikala.ru,wiki_disinfo,1
mir24.tv,euvsdisinfo,1
mirnoe-slovo.ru,wiki_disinfo,1
mirtesen.ru,euvsdisinfo,1
misr-alan.com,euvsdisinfo,1
misrday.com,euvsdisinfo,1
mixbanat.com,euvsdisinfo,1
mixednews.ru,euvsdisinfo,1
mixnews.lv,euvsdisinfo,1
mk.ru,euvsdisinfo,1
mkhbr.com,euvsdisinfo,1
mn2ol.com,euvsdisinfo,1
mockva.ru,euvsdisinfo,1
mogaznews.com,euvsdisinfo,1
moi-belorechensk.ru,wiki_disinfo,1
moi-deputat.ru,wiki_disinfo,1
moi-monchegorsk.ru,wiki_disinfo,1
moi-polyarny.ru,wiki_disinfo,1
mold-street.com,euvsdisinfo,1
moldova-news.com,wiki_disinfo,1
moldova-suverana.md,euvsdisinfo,1
molingushetia.ru,wiki_disinfo,1
molodbur.ru,wiki_disinfo,1
molodost-mozhgi.ru,wiki_disinfo,1
molodostsibiri.ru,wiki_disinfo,1
morgenpost.ltd,wiki_disinfo,1
morozovskii.ru,wiki_disinfo,1
mosalskgazeta.ru,wiki_disinfo,1
moscow-baku.ru,euvsdisinfo,1
moshkovo-horizon.ru,wiki_disinfo,1
moskva-news.com,wiki_disinfo,1
moskva-reka.info,wiki_disinfo,1
moskvapetushki.ru,wiki_disinfo,1
moslenta.ru,euvsdisinfo,1
moy-bataisk.ru,wiki_disinfo,1
moy-deputat.ru,wiki_disinfo,1
moya-shatura.ru,wiki_disinfo,1
mpsh.ru,euvsdisinfo,1
msader-ye.net,euvsdisinfo,1
msader24.xyz,euvsdisinfo,1
msdernet.xyz,euvsdisinfo,1
msdr24.com,euvsdisinfo,1
msk-news.net,wiki_disinfo,1
mskagency.ru,euvsdisinfo,1
msr2030.com,euvsdisinfo,1
muezerskles.ru,wiki_disinfo,1
muhoshibir.ru,wiki_disinfo,1
mulhak.com,euvsdisinfo,1
multies.net,euvsdisinfo,1
munsati.com,euvsdisinfo,1
muravlenko-sn.ru,wiki_disinfo,1
murmansk-news.net,wiki_disinfo,1
murmash.ru,wiki_disinfo,1
muromregion.ru,wiki_disinfo,1
musavat.com,euvsdisinfo,1
mustaqila.com,euvsdisinfo,1
mvlehti.net,euvsdisinfo,1
mwatan.news,euvsdisinfo,1
my-nahodka.ru,wiki_disinfo,1
mybusiness.md,euvsdisinfo,1
myslpolska.info,euvsdisinfo,1
myvideo.ge,euvsdisinfo,1
n-ingash.ru,wiki_disinfo,1
n-sever.ru,wiki_disinfo,1
n-vestnik.ru,wiki_disinfo,1
n-vologda.ru,wiki_disinfo,1
n-vremya.ru,wiki_disinfo,1
n-vse.ru,wiki_disinfo,1
na-vodakh.ru,wiki_disinfo,1
nabchelny-news.ru,wiki_disinfo,1
nabd.cc,euvsdisinfo,1
nabd.com,euvsdisinfo,1
nabd.ws,euvsdisinfo,1
nabdapp.com,euvsdisinfo,1
nabdn.com,euvsdisinfo,1
nachitoun.com,euvsdisinfo,1
nadezhda-vichuzhan.ru,wiki_disinfo,1
nadormagazine.com,euvsdisinfo,1
nafeza2world.com,euvsdisinfo,1
nakanune.ru,euvsdisinfo,1
naked-science.ru,euvsdisinfo,1
nalchik-news.net,wiki_disinfo,1
nao-news.net,wiki_disinfo,1
napalete.sk,euvsdisinfo,1
nar-gazeta.ru,wiki_disinfo,1
narkom-ru.ru,wiki_disinfo,1
narpolit.com,euvsdisinfo,1
naryshkino-news.ru,wiki_disinfo,1
nash-kolos.ru,wiki_disinfo,1
nash-kurchatov.ru,wiki_disinfo,1
nash-nevelsk.ru,wiki_disinfo,1
nash-polevskoy.ru,wiki_disinfo,1
nash-ryazhsk.ru,wiki_disinfo,1
nash-susuman.ru,wiki_disinfo,1
nasha-alushta.ru,wiki_disinfo,1
nasha-gazeta.ru,wiki_disinfo,1
nashanadejda.ru,wiki_disinfo,1
nashanavlya.ru,wiki_disinfo,1
nashazhizn-gvardeisk.ru,wiki_disinfo,1
nashe-verhovie.ru,wiki_disinfo,1
nashesadovoe.ru,wiki_disinfo,1
nashsosnovoborsk.ru,wiki_disinfo,1
naspravdi.info,euvsdisinfo,1
nass-times.com,euvsdisinfo,1
nastroenie-74.ru,wiki_disinfo,1
nastroenie-ch.ru,wiki_disinfo,1
nato.ws,wiki_disinfo,1
naturalnews.com,rashkin,1
naukograd-reutov.ru,wiki_disinfo,1
navolne-gazeta.ru,wiki_disinfo,1
nayrouz.com,euvsdisinfo,1
nazarovoonline.ru,wiki_disinfo,1
nd-aktuell.co,wiki_disinfo,1
nd-aktuell.net,wiki_disinfo,1
nd-aktuell.pro,wiki_disinfo,1
nd-gazeta.ru,wiki_disinfo,1
ndn.info,euvsdisinfo,1
necenzurovane.net,euvsdisinfo,1
nekrasov-slovo.ru,wiki_disinfo,1
nemanskie-vesti.ru,wiki_disinfo,1
neon24.pl,euvsdisinfo,1
neopresse.com,euvsdisinfo,1
nerekht-vecherka.ru,wiki_disinfo,1
net.ps,euvsdisinfo,1
netky.sk,euvsdisinfo,1
netterroru.ru,wiki_disinfo,1
nevelife.ru,wiki_disinfo,1
new-dagestan.ru,wiki_disinfo,1
new-kandalaksha.ru,wiki_disinfo,1
newcoldwar.org,euvsdisinfo,1
newdaynews.ru,euvsdisinfo,1
newhub.org,euvsdisinfo,1
newizv.ru,euvsdisinfo,1
newlebanon.info,euvsdisinfo,1
newpal.ps,euvsdisinfo,1
news-24.ru,euvsdisinfo,1
news-armenia.com,wiki_disinfo,1
news-balashiha.ru,wiki_disinfo,1
news-estonia.com,wiki_disinfo,1
news-front.info,wiki_disinfo,1
news-kharkov.ru,wiki_disinfo,1
news-kiev.ru,wiki_disinfo,1
news-makeevka.ru,wiki_disinfo,1
news-odessa.ru,wiki_disinfo,1
news-pravda.com,wiki_disinfo,1
news-sinaa.com,euvsdisinfo,1
news-surgut.ru,wiki_disinfo,1
news.am,euvsdisinfo,1
news.blog,euvsdisinfo,1
news.ru,wiki_disinfo,1
news.sy,euvsdisinfo,1
news2.ru,euvsdisinfo,1
newsbalt.ru,euvsdisinfo,1
newsbel.by,euvsdisinfo,1
newsegypttoday.com,euvsdisinfo,1
newsfall.news,euvsdisinfo,1
newsformy.com,euvsdisinfo,1
newsfounded.com,euvsdisinfo,1
newsland.com,euvsdisinfo,1
newsme.com.ua,euvsdisinfo,1
newsof.org,euvsdisinfo,1
newsone.ua,euvsdisinfo,1
newspmr.com,euvsdisinfo,1
newsru.com,euvsdisinfo,1
newstop.africa,wiki_disinfo,1
newstube.ru,euvsdisinfo,1
newsua.ru,euvsdisinfo,1
newturkpost.com,euvsdisinfo,1
newvz.ru,euvsdisinfo,1
nf-vestnik.ru,wiki_disinfo,1
ng-gazeta.ru,wiki_disinfo,1
ng.ru,euvsdisinfo,1
niknews.com.ua,wiki_disinfo,1
nikolaev-news.ru,wiki_disinfo,1
nikolaevnews.com.ua,wiki_disinfo,1
nikopol-news.ru,wiki_disinfo,1
nikvedomosti.ru,wiki_disinfo,1
ninanews.com,euvsdisinfo,1
nivagazeta.ru,wiki_disinfo,1
nizhneudinsk-vestnik.ru,wiki_disinfo,1
nj-orel.ru,wiki_disinfo,1
nk-news.ru,wiki_disinfo,1
nk-vesti.ru,wiki_disinfo,1
nn-news.net,wiki_disinfo,1
nnciraq.com,euvsdisinfo,1
nogaydav.ru,wiki_disinfo,1
noginskie-vedomosti.ru,wiki_disinfo,1
nogir-nedelya.ru,wiki_disinfo,1
noi.md,euvsdisinfo,1
nokhbahnews.com,euvsdisinfo,1
noossocial.com,euvsdisinfo,1
norilsk-news.ru,wiki_disinfo,1
norilsk-vecherka.ru,wiki_disinfo,1
nournews.ir,euvsdisinfo,1
nov-pitkaranta.ru,wiki_disinfo,1
novayagazeta-glazov.ru,wiki_disinfo,1
novayagazeta.ee,euvsdisinfo,1
novgorod-news.net,wiki_disinfo,1
novi-den.info,wiki_disinfo,1
novi-urengoy.ru,wiki_disinfo,1
novivzglyad-kirov.ru,wiki_disinfo,1
noviyvzglyad-kirov.ru,wiki_disinfo,1
novjizn.ru,wiki_disinfo,1
novoaleksandrovsky.ru,wiki_disinfo,1
novoalt-pravda.ru,wiki_disinfo,1
novocherkassk-week.ru,wiki_disinfo,1
novoeizdanie.com,euvsdisinfo,1
novohopersk-zori.ru,wiki_disinfo,1
novokubansk-news.ru,wiki_disinfo,1
novokuznetsk-press.ru,wiki_disinfo,1
novopravda.ru,wiki_disinfo,1
novorosinform.org,euvsdisinfo,1
novorossiia.ru,euvsdisinfo,1
novoselitskoe.info,wiki_disinfo,1
novosibirsk-news.net,wiki_disinfo,1
novosti-ikryanogo.ru,wiki_disinfo,1
novosti-kohmi.ru,wiki_disinfo,1
novosti-uezda.ru,wiki_disinfo,1
novosti-zav.ru,wiki_disinfo,1
novosti.rs,euvsdisinfo,1
novostivl.ru,euvsdisinfo,1
novotitarovskaya.ru,wiki_disinfo,1
novouralskaya-gazeta.ru,wiki_disinfo,1
novousman.ru,wiki_disinfo,1
novovremya.ru,wiki_disinfo,1
novoye-vremya.com,euvsdisinfo,1
novozybkov-vesti.ru,wiki_disinfo,1
novtikhvin.ru,wiki_disinfo,1
novutpo.ru,wiki_disinfo,1
novzjizn.ru,wiki_disinfo,1
noyabrsk-gazeta.ru,wiki_disinfo,1
npasyria.com,euvsdisinfo,1
nr-odincovo.ru,wiki_disinfo,1
nrt24.ru,euvsdisinfo,1
nsk-gazeta.ru,wiki_disinfo,1
nsn.fm,euvsdisinfo,1
nstarikov.ru,euvsdisinfo,1
ntavda.ru,wiki_disinfo,1
ntv.md,euvsdisinfo,1
ntv.ru,euvsdisinfo,1
nuomnews.com,euvsdisinfo,1
nv-vestnik.ru,wiki_disinfo,1
nv.ua,euvsdisinfo,1
nyagan-info.ru,wiki_disinfo,1
nynewsdaily.org,wiki_disinfo,1
nzhizn.ru,wiki_disinfo,1
nzjizn.ru,wiki_disinfo,1
oane.ws,euvsdisinfo,1
oassf.net,euvsdisinfo,1
ob-gazeta.ru,wiki_disinfo,1
obbereg.ru,wiki_disinfo,1
oboyangorod.ru,wiki_disinfo,1
obozrevatel.com,euvsdisinfo,1
obozrevatel.ltd,wiki_disinfo,1
obraz-asino.ru,wiki_disinfo,1
observateurcontinental.fr,wiki_disinfo,1
obzor.lt,euvsdisinfo,1
octagon.media,euvsdisinfo,1
od.ua,euvsdisinfo,1
odessa.ua,wiki_disinfo,1
odysee.com,euvsdisinfo,1
ogni-belorechenska.ru,wiki_disinfo,1
ogni-slantsy.ru,wiki_disinfo,1
ognigorod.ru,wiki_disinfo,1
ohapress.ru,wiki_disinfo,1
ohotsk-pravda.ru,wiki_disinfo,1
ok.ru,euvsdisinfo,1
okmagazine.us,wiki_disinfo,1
okno-ch.ru,wiki_disinfo,1
okno-sn.ru,wiki_disinfo,1
okno-uzhura.ru,wiki_disinfo,1
oko-planet.su,euvsdisinfo,1
okt-iskra.ru,wiki_disinfo,1
oktday.ru,wiki_disinfo,1
oktiskra74.ru,wiki_disinfo,1
okttime.ru,wiki_disinfo,1
oktznamya.ru,wiki_disinfo,1
olenegorsk-city.ru,wiki_disinfo,1
olonets-sosed.ru,wiki_disinfo,1
olsky-vestnik.ru,wiki_disinfo,1
olyutor-novosti.ru,wiki_disinfo,1
omantoday.net,euvsdisinfo,1
omegatrade.ru,wiki_disinfo,1
omsk-news.net,wiki_disinfo,1
omutninsk-vedomosti.ru,wiki_disinfo,1
oneworld.press,wiki_disinfo,1
ont.by,euvsdisinfo,1
ontime-news.net,euvsdisinfo,1
ooo-remontnik.ru,wiki_disinfo,1
opcija.net,euvsdisinfo,1
opednews.com,euvsdisinfo,1
opengovfda.ru,wiki_disinfo,1
opinyatimes.com,euvsdisinfo,1
opochka-vestnik.ru,wiki_disinfo,1
orel-news.net,wiki_disinfo,1
orenburg-news.net,wiki_disinfo,1
orichi-inform.ru,wiki_disinfo,1
orient-news.net,euvsdisinfo,1
orientalista.hu,euvsdisinfo,1
orientbethlehem.net,euvsdisinfo,1
orobanews.com,euvsdisinfo,1
oroszhirek.hu,euvsdisinfo,1
osinniki-favorit.ru,wiki_disinfo,1
oskolzori.ru,wiki_disinfo,1
osnmedia.ru,euvsdisinfo,1
ostrogozhtsi.ru,wiki_disinfo,1
osuzdal.ru,wiki_disinfo,1
osvod-crimea.ru,wiki_disinfo,1
othereal.ru,euvsdisinfo,1
otkritaya-linia.ru,wiki_disinfo,1
otkrytaya-linia.ru,wiki_disinfo,1
otradnaya-gazeta.ru,wiki_disinfo,1
otradnaya-info.ru,wiki_disinfo,1
p-p.com.ua,euvsdisinfo,1
paideuma.tv,euvsdisinfo,1
pakistanpoint.com,euvsdisinfo,1
palana-news.ru,wiki_disinfo,1
palestinetoday.net,euvsdisinfo,1
paltimeps.ps,euvsdisinfo,1
palumedia.eu,euvsdisinfo,1
pandoraopen.ru,euvsdisinfo,1
panorama-elizovo.ru,wiki_disinfo,1
parfino-news.ru,wiki_disinfo,1
parlamentnilisty.cz,euvsdisinfo,1
patriot-alt.ru,wiki_disinfo,1
patrioticpioneer.com,wiki_disinfo,1
pavlograd-news.ru,wiki_disinfo,1
pavlov-gazeta.ru,wiki_disinfo,1
pavlovsk-youth.ru,wiki_disinfo,1
pdn.ps,euvsdisinfo,1
peacedata.net,wiki_disinfo,1
pechenga-today.ru,wiki_disinfo,1
pechori-online.ru,wiki_disinfo,1
penza-news.net,wiki_disinfo,1
penzhinsky.ru,wiki_disinfo,1
pereslavlife.ru,wiki_disinfo,1
perm-news.net,wiki_disinfo,1
personalliberty.com,proppy,1
pervouralsk-hronika.ru,wiki_disinfo,1
petrovsk-zabaykalsk.ru,wiki_disinfo,1
piter-news.net,wiki_disinfo,1
piter.tv,euvsdisinfo,1
pl-oil.ru,wiki_disinfo,1
pl.ua,wiki_disinfo,1
plamya-v.ru,wiki_disinfo,1
planet-today.ru,euvsdisinfo,1
planeta-nadim.ru,wiki_disinfo,1
pln24.ru,euvsdisinfo,1
plusred.ru,wiki_disinfo,1
pnp.ru,euvsdisinfo,1
pobeda-kn.ru,wiki_disinfo,1
pochepvestnik.ru,wiki_disinfo,1
pochinok-smolensk.ru,wiki_disinfo,1
poehaligagarin.ru,wiki_disinfo,1
pogar-vesti.ru,wiki_disinfo,1
point.md,euvsdisinfo,1
pokachi-time.ru,wiki_disinfo,1
polandinarabic.com,euvsdisinfo,1
polarzori.ru,wiki_disinfo,1
polesskyvestnik.ru,wiki_disinfo,1
politcentr.ru,euvsdisinfo,1
politeka.net,euvsdisinfo,1
politema.ru,euvsdisinfo,1
politica-eg.com,euvsdisinfo,1
politik.am,euvsdisinfo,1
politika.rs,euvsdisinfo,1
politikus.ru,euvsdisinfo,1
politikys.ru,euvsdisinfo,1
politinform.su,euvsdisinfo,1
politinformburo.ru,euvsdisinfo,1
politnavigator.net,euvsdisinfo,1
politnews24.ru,euvsdisinfo,1
politobzor.net,euvsdisinfo,1
politonline.ru,euvsdisinfo,1
politring.com,euvsdisinfo,1
politrussia.com,euvsdisinfo,1
polityka.pro,wiki_disinfo,1
polskieradio24.net,wiki_disinfo,1
poltava-news.ru,wiki_disinfo,1
poltavskaya-jizn.ru,wiki_disinfo,1
polyarny-ural.ru,wiki_disinfo,1
poperinat.ru,wiki_disinfo,1
porhov-city.ru,wiki_disinfo,1
poselok-anna.ru,wiki_disinfo,1
pp-vesti.ru,wiki_disinfo,1
pr-gorod.ru,wiki_disinfo,1
pravda-al.com,wiki_disinfo,1
pravda-ba.com,wiki_disinfo,1
pravda-bf.com,wiki_disinfo,1
pravda-bg.com,wiki_disinfo,1
pravda-cf.com,wiki_disinfo,1
pravda-cy.com,wiki_disinfo,1
pravda-cz.com,wiki_disinfo,1
pravda-de.com,wiki_disinfo,1
pravda-dk.com,wiki_disinfo,1
pravda-ee.com,wiki_disinfo,1
pravda-en.com,wiki_disinfo,1
pravda-es.com,wiki_disinfo,1
pravda-fi.com,wiki_disinfo,1
pravda-fr.com,wiki_disinfo,1
pravda-gr.com,wiki_disinfo,1
pravda-hr.com,wiki_disinfo,1
pravda-hu.com,wiki_disinfo,1
pravda-ie.com,wiki_disinfo,1
pravda-it.com,wiki_disinfo,1
pravda-jp.com,wiki_disinfo,1
pravda-k.ru,wiki_disinfo,1
pravda-ko.com,wiki_disinfo,1
pravda-lt.com,wiki_disinfo,1
pravda-lv.com,wiki_disinfo,1
pravda-md.com,wiki_disinfo,1
pravda-mk.com,wiki_disinfo,1
pravda-ne.com,wiki_disinfo,1
pravda-nl.com,wiki_disinfo,1
pravda-no.com,wiki_disinfo,1
pravda-pl.com,wiki_disinfo,1
pravda-pt.com,wiki_disinfo,1
pravda-ro.com,wiki_disinfo,1
pravda-rs.com,wiki_disinfo,1
pravda-s.ru,wiki_disinfo,1
pravda-se.com,wiki_disinfo,1
pravda-si.com,wiki_disinfo,1
pravda-sk.com,wiki_disinfo,1
pravda-tv.com,euvsdisinfo,1
pravda-tw.com,wiki_disinfo,1
pravda-ua.com,wiki_disinfo,1
pravda-ua.rest,wiki_disinfo,1
pravda-ua.space,wiki_disinfo,1
pravda.rs,euvsdisinfo,1
pravda.ru,euvsdisinfo,1
pravda.sk,euvsdisinfo,1
pravfond.ru,euvsdisinfo;wiki_disinfo,2
pravfund.ru,wiki_disinfo,1
pravosudija.net,euvsdisinfo,1
pravoznat-39.ru,wiki_disinfo,1
pregradnaya-gazeta.ru,wiki_disinfo,1
pressbee.net,euvsdisinfo,1
pressbee.news,euvsdisinfo,1
pressmia.ru,euvsdisinfo,1
pressn.net,euvsdisinfo,1
pressnewsnow.com,euvsdisinfo,1
presstv.ir,euvsdisinfo,1
priangarie-mv.ru,wiki_disinfo,1
prichernomorie.ru,wiki_disinfo,1
prim-zori.ru,wiki_disinfo,1
prinevskii.ru,wiki_disinfo,1
prinmedia.ru,euvsdisinfo,1
prioskolye.ru,wiki_disinfo,1
prisayanie.ru,wiki_disinfo,1
prisivashie.ru,wiki_disinfo,1
prisonplanet.com,euvsdisinfo,1
privet-timashevsk.ru,wiki_disinfo,1
privolzhskaya-volna.ru,wiki_disinfo,1
priyutnoe.ru,wiki_disinfo,1
priziv-harovsk.ru,wiki_disinfo,1
priziv-press.ru,wiki_disinfo,1
proberezovo.ru,wiki_disinfo,1
prodelo-s.ru,wiki_disinfo,1
profilenewsusa.com,euvsdisinfo,1
proiskitim.ru,wiki_disinfo,1
prokopievsk-variant.ru,wiki_disinfo,1
prokrym.info,wiki_disinfo,1
prom-kemerovo.ru,wiki_disinfo,1
promagadan.ru,wiki_disinfo,1
pronedra.ru,euvsdisinfo,1
pronews.gr,euvsdisinfo,1
pronikolskoe.ru,wiki_disinfo,1
pronskie-izvestia.ru,wiki_disinfo,1
pronskie-izvestiya.ru,wiki_disinfo,1
prootradnoe.ru,wiki_disinfo,1
propaganda-eg.com,euvsdisinfo,1
propeterburg.info,wiki_disinfo,1
prosambo.com,wiki_disinfo,1
prosaratov.info,wiki_disinfo,1
prosevastopol.info,wiki_disinfo,1
prospekt-sochi.com,wiki_disinfo,1
protiproud.cz,euvsdisinfo,1
protvinskie-berega.ru,wiki_disinfo,1
provintsialnoe-zerkalo.ru,wiki_disinfo,1
provladimir.info,wiki_disinfo,1
provnews.ru,wiki_disinfo,1
prvnizpravy.cz,euvsdisinfo,1
pryamitsino-news.ru,wiki_disinfo,1
pryazhvesti.ru,wiki_disinfo,1
psebaets.ru,wiki_disinfo,1
psebay-dni.ru,wiki_disinfo,1
pskov-news.net,wiki_disinfo,1
publika.az,euvsdisinfo,1
pudog.ru,wiki_disinfo,1
pukmedia.com,euvsdisinfo,1
pulsea.ru,wiki_disinfo,1
pulsnedeli.ru,wiki_disinfo,1
pushkin-kray.ru,wiki_disinfo,1
putokt.ru,wiki_disinfo,1
q8yusa.com,euvsdisinfo,1
qactus.fr,euvsdisinfo,1
qazweek.kz,euvsdisinfo,1
qmedia.one,euvsdisinfo,1
r-khair.net,euvsdisinfo,1
rab-slovo.ru,wiki_disinfo,1
rabslovo.ru,wiki_disinfo,1
radiomasr.net,euvsdisinfo,1
radiovesti.ru,euvsdisinfo,1
raduzhny-info.ru,wiki_disinfo,1
raialyoum.com,euvsdisinfo,1
raiseyasi.com,euvsdisinfo,1
raivestn.ru,wiki_disinfo,1
ralkon.ru,wiki_disinfo,1
rambler.ru,euvsdisinfo,1
ramon-anons.ru,wiki_disinfo,1
rapport24.com,euvsdisinfo,1
raqamnews.com,euvsdisinfo,1
rassvet-balezino.ru,wiki_disinfo,1
rattibha.com,euvsdisinfo,1
rawfednews.com,euvsdisinfo,1
rb-yar.ru,wiki_disinfo,1
rbc.ru,euvsdisinfo,1
rbc.ua,euvsdisinfo,1
rbk-sourse.digital,wiki_disinfo,1
rbk.media,wiki_disinfo,1
rbk.today,wiki_disinfo,1
rbth.com,euvsdisinfo,1
rdzem.ru,wiki_disinfo,1
realitynews.news,euvsdisinfo,1
realnoevremya.ru,euvsdisinfo,1
realtribune.ru,euvsdisinfo,1
rebaznews.com,euvsdisinfo,1
rech-vol.ru,wiki_disinfo,1
red-banner.ru,wiki_disinfo,1
red-yar.ru,wiki_disinfo,1
reddit.com,euvsdisinfo,1
redfish.media,wiki_disinfo,1
referee.ru,wiki_disinfo,1
regionmonitor.com,euvsdisinfo,1
regnum.ru,euvsdisinfo,1
reinfovf.com,euvsdisinfo,1
remnantnewspaper.com,proppy,1
ren.tv,euvsdisinfo,1
reosh.ru,euvsdisinfo,1
replyua.net,euvsdisinfo,1
report.az,euvsdisinfo,1
reportblogs.com,euvsdisinfo,1
repubblica.icu,wiki_disinfo,1
repubblica.life,wiki_disinfo,1
repubblica.world,wiki_disinfo,1
reseauinternational.net,euvsdisinfo,1
resonancedaily.com,euvsdisinfo,1
revda-news.ru,wiki_disinfo,1
revolution25january.com,euvsdisinfo,1
rg.ru,euvsdisinfo,1
ria.ru,euvsdisinfo,1
rian.com.ua,euvsdisinfo,1
ridus.ru,euvsdisinfo,1
rilskie-vesti.ru,wiki_disinfo,1
rin.ru,euvsdisinfo,1
ritm-rybnoe.ru,wiki_disinfo,1
roayahnews.com,euvsdisinfo,1
rodina-shuya.ru,wiki_disinfo,1
rodina.ru,euvsdisinfo,1
rodniki-gazeta.ru,wiki_disinfo,1
rodrov.ru,wiki_disinfo,1
romanov-2013.ru,wiki_disinfo,1
romanovy400.ru,wiki_disinfo,1
rosaelyoussef.com,euvsdisinfo,1
rosbalt.ru,euvsdisinfo,1
ross-bel.ru,euvsdisinfo,1
rossaprimavera.ru,euvsdisinfo,1
rossosh-vedomosti.ru,wiki_disinfo,1
rostov-news.net,wiki_disinfo,1
rostov-province.ru,wiki_disinfo,1
rov-niva.ru,wiki_disinfo,1
rovno-news.ru,wiki_disinfo,1
rozpress.net,euvsdisinfo,1
rrn.media,wiki_disinfo,1
rrn.world,wiki_disinfo,1
rt-afrique.com,wiki_disinfo,1
rt.com,euvsdisinfo;wiki_disinfo,2
rtafrica.media,wiki_disinfo,1
rtafrique.online,wiki_disinfo,1
rtarabic.com,euvsdisinfo,1
rtrs.tv,euvsdisinfo,1
rtvi.com,euvsdisinfo,1
ru-an.info,euvsdisinfo,1
ru4arab.ru,euvsdisinfo,1
rua.gr,euvsdisinfo,1
rubaltic.ru,euvsdisinfo,1
rudnyansky-raion.ru,wiki_disinfo,1
runews24.ru,euvsdisinfo,1
ruptly.tv,wiki_disinfo,1
rus1150.org,wiki_disinfo,1
rusakartvelo.org,wiki_disinfo,1
rusdialog.ru,euvsdisinfo,1
rusdozor.ru,euvsdisinfo,1
rusfact.ru,euvsdisinfo,1
rusmatica.org,euvsdisinfo,1
rusonline.org,euvsdisinfo,1
rusoptics.com,wiki_disinfo,1
rusplt.ru,euvsdisinfo,1
rusreality.com,euvsdisinfo,1
russia-armenia.info,euvsdisinfo,1
russia-insider.com,euvsdisinfo,1
russia-islworld.ru,euvsdisinfo,1
russia-news.ru,euvsdisinfo,1
russia.tv,euvsdisinfo,1
russianeventnews.com,euvsdisinfo,1
russiarab.com,euvsdisinfo,1
russiatoday.com,euvsdisinfo,1
russkie.org,euvsdisinfo,1
russkievesti.ru,euvsdisinfo,1
russkiymir.ru,euvsdisinfo,1
rutube.ru,euvsdisinfo,1
rutulnews.ru,wiki_disinfo,1
ruvek.info,wiki_disinfo,1
ruza-express.ru,wiki_disinfo,1
rv.ua,wiki_disinfo,1
ryazan-news.net,wiki_disinfo,1
ryazan.life,euvsdisinfo,1
ryb.ru,euvsdisinfo,1
rylsk-vesti.ru,wiki_disinfo,1
rys-strategia.ru,euvsdisinfo,1
rzhev-press.ru,wiki_disinfo,1
rznonline.ru,euvsdisinfo,1
rzpravda.ru,wiki_disinfo,1
s-pravda.ru,wiki_disinfo,1
s-put.ru,wiki_disinfo,1
s-vektor.ru,wiki_disinfo,1
sa24.co,euvsdisinfo,1
saaa25.org,euvsdisinfo,1
saadahnews.com,euvsdisinfo,1
saba.ye,euvsdisinfo,1
sabq.org,euvsdisinfo,1
sada-ar.com,euvsdisinfo,1
sadaa.ps,euvsdisinfo,1
sadaelomma.com,euvsdisinfo,1
sadanews.ps,euvsdisinfo,1
safiralchamal.com,euvsdisinfo,1
sahafaa.net,euvsdisinfo,1
sahafah-24.net,euvsdisinfo,1
sahafah24.com,euvsdisinfo,1
sahafah24.net,euvsdisinfo,1
sahafahh.net,euvsdisinfo,1
sahafahn.com,euvsdisinfo,1
sahafahn.net,euvsdisinfo,1
sahafahnet.com,euvsdisinfo,1
sahafahnet.net,euvsdisinfo,1
sahafatak.net,euvsdisinfo,1
sahafatoday.com,euvsdisinfo,1
sahafaty.com,euvsdisinfo,1
sahafaty.net,euvsdisinfo,1
sahat-altahreer.com,euvsdisinfo,1
saintanna.ru,wiki_disinfo,1
sakhalin-news.net,wiki_disinfo,1
sakipress.ru,wiki_disinfo,1
saklife.ru,wiki_disinfo,1
salskaya-step.ru,wiki_disinfo,1
samara-news.net,wiki_disinfo,1
sambist.ru,wiki_disinfo,1
sambo.com,wiki_disinfo,1
samolet-v.ru,wiki_disinfo,1
samotlorexpress.ru,wiki_disinfo,1
samotlorpress.ru,wiki_disinfo,1
sampress.net,euvsdisinfo,1
sana.sy,euvsdisinfo,1
sanaanews.net,euvsdisinfo,1
sanfranchron.com,wiki_disinfo,1
saqinform.ge,euvsdisinfo,1
saransk-news.net,wiki_disinfo,1
saratov-news.net,wiki_disinfo,1
sarayanews.com,euvsdisinfo,1
sarmad.com,euvsdisinfo,1
sarmatas.lt,euvsdisinfo,1
sarov-vedomosti.ru,wiki_disinfo,1
sarovskie-vedomosti.ru,wiki_disinfo,1
sarvesti.info,wiki_disinfo,1
sasovskie-vesti.ru,wiki_disinfo,1
satelnews.net,euvsdisinfo,1
saudileaks.org,euvsdisinfo,1
sawahhost.com,euvsdisinfo,1
sawahmedia.com,euvsdisinfo,1
sawahnews.com,euvsdisinfo,1
sawahpost.com,euvsdisinfo,1
sawahpress.com,euvsdisinfo,1
sawtaljanoub24.com,euvsdisinfo,1
sawtbeirut.com,euvsdisinfo,1
sb.by,euvsdisinfo,1
sbdialog.ru,wiki_disinfo,1
sbqnews.com,euvsdisinfo,1
schlauespiel.de,wiki_disinfo,1
seattle-tribune.com,wiki_disinfo,1
sebastopol.ua,wiki_disinfo,1
segeja.ru,wiki_disinfo,1
segeza.ru,wiki_disinfo,1
segezha-vektor.ru,wiki_disinfo,1
segodnia.ru,euvsdisinfo,1
segodnya.ua,euvsdisinfo,1
sel-nov.ru,wiki_disinfo,1
sel-pr.ru,wiki_disinfo,1
sel-pravda.ru,wiki_disinfo,1
sel-tas.ru,wiki_disinfo,1
selenga-press.ru,wiki_disinfo,1
selivanovskie-zori.ru,wiki_disinfo,1
selnov-nesterov.ru,wiki_disinfo,1
selnov-prim.ru,wiki_disinfo,1
selnov-v.ru,wiki_disinfo,1
selosamashki.ru,wiki_disinfo,1
selskaya-okolitsa.ru,wiki_disinfo,1
seltr.ru,wiki_disinfo,1
seltso-pravda.ru,wiki_disinfo,1
seltsovskaya-pravda.ru,wiki_disinfo,1
semenovsky-kupets.ru,wiki_disinfo,1
semibratovo-prostory.ru,wiki_disinfo,1
semikarakorskgazeta.ru,wiki_disinfo,1
semiluki-vestnik.ru,wiki_disinfo,1
semkargazeta.ru,wiki_disinfo,1
sergievposadpress.ru,wiki_disinfo,1
sertolovo-nedelya.ru,wiki_disinfo,1
sev.tv,euvsdisinfo,1
sevastopol-news.com,wiki_disinfo,1
sevastopol-sovet.ru,wiki_disinfo,1
sevastopol.su,euvsdisinfo,1
sever-podmoskovia.ru,wiki_disinfo,1
severpravda.ru,wiki_disinfo,1
seversk-digest.ru,wiki_disinfo,1
sevkurilsk.ru,wiki_disinfo,1
sgazeta-op.ru,wiki_disinfo,1
sgzt.com,wiki_disinfo,1
sh-vestnik.ru,wiki_disinfo,1
sha3erjordan.net,euvsdisinfo,1
shaam.org,euvsdisinfo,1
shaamtimes.net,euvsdisinfo,1
shababeks.com,euvsdisinfo,1
shadowwatch.us,wiki_disinfo,1
shadrinski-vestnik.ru,wiki_disinfo,1
shafaqna.com,euvsdisinfo,1
shaht-vest.ru,wiki_disinfo,1
shali-info.ru,wiki_disinfo,1
shalinskoe.ru,wiki_disinfo,1
shasha.ps,euvsdisinfo,1
shchigrovskie-zori.ru,wiki_disinfo,1
shchigry-zori.ru,wiki_disinfo,1
shegarka-press.ru,wiki_disinfo,1
sheksnagazeta.ru,wiki_disinfo,1
shelkovchanka.ru,wiki_disinfo,1
shilovski-put.ru,wiki_disinfo,1
shiravest.ru,wiki_disinfo,1
shms.ps,euvsdisinfo,1
sho3la.com,euvsdisinfo,1
sholem.ru,wiki_disinfo,1
shorouk.news,euvsdisinfo,1
shorouknews.com,euvsdisinfo,1
shtfplan.com,proppy,1
shushenskoevremya.ru,wiki_disinfo,1
shuya-teleskop.ru,wiki_disinfo,1
sibnedelya.ru,wiki_disinfo,1
sibpanorama.ru,wiki_disinfo,1
site.ru,wiki_disinfo,1
skopin-avtoagregat.ru,wiki_disinfo,1
skrytapravda.cz,euvsdisinfo,1
sla-news.com,euvsdisinfo,1
slavic-europe.eu,euvsdisinfo,1
slavsknews.ru,wiki_disinfo,1
slavyansk-news.ru,wiki_disinfo,1
slavyanskaya-gazeta.ru,wiki_disinfo,1
slawa.su,euvsdisinfo,1
sledcom.ru,euvsdisinfo,1
slobodnyvysielac.sk,euvsdisinfo,1
slobodskoi.ru,wiki_disinfo,1
slovo-neftyanika.ru,wiki_disinfo,1
sm-vesti.ru,wiki_disinfo,1
sm.news,euvsdisinfo,1
smartpress.by,euvsdisinfo,1
smi-holm.ru,wiki_disinfo,1
smi-volna.ru,wiki_disinfo,1
smolensk-news.net,wiki_disinfo,1
smolnarod.ru,euvsdisinfo,1
smotrim.ru,euvsdisinfo,1
snanews.de,euvsdisinfo,1
snbalahta.ru,wiki_disinfo,1
sneginca.ru,wiki_disinfo,1
snezhnogorsk-gazeta.ru,wiki_disinfo,1
snob.ru,euvsdisinfo,1
sns.sy,euvsdisinfo,1
soaldar.com,euvsdisinfo,1
sobesednik.ru,euvsdisinfo,1
sobinka-gazeta.ru,wiki_disinfo,1
sochi-news.net,wiki_disinfo,1
socialistii.md,euvsdisinfo,1
sol-meridian.ru,wiki_disinfo,1
soleilverseau.com,euvsdisinfo,1
solenka.info,euvsdisinfo,1
soltsy.ru,wiki_disinfo,1
sonar2050.org,euvsdisinfo,1
soralive.com,euvsdisinfo,1
sorsk-gazeta.ru,wiki_disinfo,1
sosedskievesti.ru,wiki_disinfo,1
soshals.com,euvsdisinfo,1
sott.net,euvsdisinfo,1
soukukkaz.com,euvsdisinfo,1
soundcloud.com,euvsdisinfo,1
southfront.org,wiki_disinfo,1
souzveche.ru,euvsdisinfo,1
sov-zap.ru,wiki_disinfo,1
sov-zvezda.ru,wiki_disinfo,1
sovet-serpukhov.ru,wiki_disinfo,1
sovetsk-vopros.ru,wiki_disinfo,1
sovsekretno.ru,euvsdisinfo,1
sozh.info,euvsdisinfo,1
spasskoe-vremya.ru,wiki_disinfo,1
spbdnevnik.ru,euvsdisinfo,1
spicyconspiracy.info,wiki_disinfo,1
spiegel.agency,wiki_disinfo,1
spiegel.cab,wiki_disinfo,1
spiegel.fun,wiki_disinfo,1
spiegel.ink,wiki_disinfo,1
spiegel.ltd,wiki_disinfo,1
spiegel.pro,wiki_disinfo,1
spiegel.quest,wiki_disinfo,1
spiegel.today,wiki_disinfo,1
spiegel.work,wiki_disinfo,1
spiegeli.life,wiki_disinfo,1
spiegeli.live,wiki_disinfo,1
spiegeli.today,wiki_disinfo,1
spiegell.beauty,wiki_disinfo,1
spiegell.lol,wiki_disinfo,1
spiegelr.live,wiki_disinfo,1
spiegelr.today,wiki_disinfo,1
spnews.io,euvsdisinfo,1
spodeli.eu,euvsdisinfo,1
sprostor.ru,wiki_disinfo,1
sputnik-abkhazia.ru,euvsdisinfo,1
sputnik-georgia.com,euvsdisinfo,1
sputnik-georgia.ru,euvsdisinfo,1
sputnik-ossetia.ru,euvsdisinfo,1
sputnik-sarapul.ru,wiki_disinfo,1
sputnik.az,euvsdisinfo,1
sputnik.by,euvsdisinfo,1
sputnik.kg,euvsdisinfo,1
sputnik.kz,euvsdisinfo,1
sputnikarabic.ae,euvsdisinfo,1
sputnikglobe.com,euvsdisinfo,1
sputniknews.africa,euvsdisinfo,1
sputniknews.com,euvsdisinfo,1
sputniknews.gr,euvsdisinfo,1
sputniknews.lat,euvsdisinfo,1
sputniknews.ru,euvsdisinfo,1
sputniknewslv.com,euvsdisinfo,1
srbijadanas.com,euvsdisinfo,1
srbin.info,euvsdisinfo,1
ssmp.ru,wiki_disinfo,1
sst-news.com,euvsdisinfo,1
ssvr.ru,wiki_disinfo,1
stal-iskra.ru,wiki_disinfo,1
stanovlyanskie-dni.ru,wiki_disinfo,1
starodublife.ru,wiki_disinfo,1
starorusski-krai.ru,wiki_disinfo,1
statestage.org,wiki_disinfo,1
stavropol-news.net,wiki_disinfo,1
step-nov.ru,wiki_disinfo,1
stepagency-sy.net,euvsdisinfo,1
stepkrai.ru,wiki_disinfo,1
stepnaya-nov.ru,wiki_disinfo,1
stiri.md,euvsdisinfo,1
stoletie.ru,euvsdisinfo,1
strezhevoy-svetofor.ru,wiki_disinfo,1
stroy-armavir.ru,wiki_disinfo,1
suapress.com,euvsdisinfo,1
subscribe.ru,euvsdisinfo,1
suchtv.pk,euvsdisinfo,1
sudafax.com,euvsdisinfo,1
sudogda-city.ru,wiki_disinfo,1
sudzha-vestnik.ru,wiki_disinfo,1
sueddeutsche.cc,wiki_disinfo,1
sueddeutsche.co,wiki_disinfo,1
sueddeutsche.ltd,wiki_disinfo,1
sueddeutsche.me,wiki_disinfo,1
sueddeutsche.online,wiki_disinfo,1
sumy-news.ru,wiki_disinfo,1
sumy.ua,wiki_disinfo,1
sunjpravda.ru,wiki_disinfo,1
suntargazeta.ru,wiki_disinfo,1
sunzha-pravda.ru,wiki_disinfo,1
sunzha-press.ru,wiki_disinfo,1
surazhvestnik.ru,wiki_disinfo,1
surgut-novosti.ru,wiki_disinfo,1
suzemka-press.ru,wiki_disinfo,1
suzun-intellect.ru,wiki_disinfo,1
sv65.ru,wiki_disinfo,1
svetkolemnas.info,euvsdisinfo,1
svetlograd-today.ru,wiki_disinfo,1
svetvesti.ru,wiki_disinfo,1
svetvestnik.ru,wiki_disinfo,1
svobodnenoviny.eu,euvsdisinfo,1
svobodni-trud.ru,wiki_disinfo,1
svobodnygolos.ru,wiki_disinfo,1
svoya-gazeta.ru,wiki_disinfo,1
svpressa.ru,euvsdisinfo,1
svt.se,euvsdisinfo,1
swedinfo.ru,euvsdisinfo,1
swentr.site,euvsdisinfo,1
syfeed.com,euvsdisinfo,1
syria-24.com,euvsdisinfo,1
syriafriends.net,euvsdisinfo,1
syriahomenews.com,euvsdisinfo,1
syrianmasah.net,euvsdisinfo,1
syrianownews.com,euvsdisinfo,1
syriantelegraph.net,euvsdisinfo,1
sysert-press.ru,wiki_disinfo,1
t-online.life,wiki_disinfo,1
t-onlinl.life,wiki_disinfo,1
t-onlinl.live,wiki_disinfo,1
t-onlinl.today,wiki_disinfo,1
t-onlinr.life,wiki_disinfo,1
t-onlinr.live,wiki_disinfo,1
t-onlinr.today,wiki_disinfo,1
t.me,euvsdisinfo,1
tabnak.ir,euvsdisinfo,1
taganrog-time.ru,wiki_disinfo,1
tagesspiegel.co,wiki_disinfo,1
tagesspiegel.ltd,wiki_disinfo,1
taghribnews.com,euvsdisinfo,1
tagil-news.ru,wiki_disinfo,1
taishetskaya-nedelya.ru,wiki_disinfo,1
tajdeedlb.com,euvsdisinfo,1
talovaya-press.ru,wiki_disinfo,1
talzhizn.ru,wiki_disinfo,1
tambov-news.net,wiki_disinfo,1
tamuz-net.net,euvsdisinfo,1
tanawue.com,euvsdisinfo,1
taqa.news,euvsdisinfo,1
tarys.ru,wiki_disinfo,1
tashtyp3.ru,wiki_disinfo,1
tass.com,euvsdisinfo,1
tass.ru,euvsdisinfo,1
tassco.org,euvsdisinfo,1
tayyar.org,euvsdisinfo,1
tbilnews.ru,wiki_disinfo,1
te.ua,wiki_disinfo,1
techpolicom.ru,wiki_disinfo,1
techpolycom.ru,wiki_disinfo,1
tehnowar.ru,euvsdisinfo,1
teikovo-gazeta.ru,wiki_disinfo,1
telegra.ph,euvsdisinfo,1
telegrafua.com,euvsdisinfo,1
teleskop.media,euvsdisinfo,1
temryuk-kompas.ru,wiki_disinfo,1
temryuk-news.ru,wiki_disinfo,1
terbunskie-vesti.ru,wiki_disinfo,1
ternopol-news.ru,wiki_disinfo,1
terra-19tv.ru,wiki_disinfo,1
terrnews.com,euvsdisinfo,1
tersky-raion.ru,wiki_disinfo,1
tert.am,euvsdisinfo,1
thawra.sy,euvsdisinfo,1
theamericanconservative.com,euvsdisinfo,1
theatlatnic.com,wiki_disinfo,1
theindicter.com,euvsdisinfo,1
thenationpress.com,euvsdisinfo,1
thenationpress.net,euvsdisinfo,1
thenewkhalij.news,euvsdisinfo,1
thesaker.is,euvsdisinfo,1
thewashingtonstandard.com,proppy,1
theworldnews.net,euvsdisinfo,1
theyeshivaworld.com,euvsdisinfo,1
tigil-gazeta.ru,wiki_disinfo,1
tihama24.com,euvsdisinfo,1
tikhoretski-vestnik.ru,wiki_disinfo,1
tilichiki-zemlya.ru,wiki_disinfo,1
tiraspol-news.ru,wiki_disinfo,1
titkolthirek.hu,euvsdisinfo,1
tlgrm.ru,euvsdisinfo,1
todaynewsiq.net,euvsdisinfo,1
toguchin-time.ru,wiki_disinfo,1
tolyatti-news.net,wiki_disinfo,1
tommot-listok.ru,wiki_disinfo,1
tompon.ru,wiki_disinfo,1
tomsk-news.net,wiki_disinfo,1
tonline.cfd,wiki_disinfo,1
tonline.life,wiki_disinfo,1
tonline.today,wiki_disinfo,1
topcor.ru,euvsdisinfo,1
topdaynews.ru,euvsdisinfo,1
topky.sk,euvsdisinfo,1
topwar.ru,euvsdisinfo,1
torinoggi.it,euvsdisinfo,1
torzhok-life.ru,wiki_disinfo,1
tosvestnik.ru,wiki_disinfo,1
totmagazeta.ru,wiki_disinfo,1
tourprom.ru,euvsdisinfo,1
tovarkovo-plus.ru,wiki_disinfo,1
tovarkovo-plyus.ru,wiki_disinfo,1
translate.goog,euvsdisinfo,1
trend.az,euvsdisinfo,1
trendingsy.com,euvsdisinfo,1
tribuna-komi.ru,wiki_disinfo,1
tribuna-urala.ru,wiki_disinfo,1
tribuna22.ru,wiki_disinfo,1
tribunakomi.ru,wiki_disinfo,1
troitskoevremya.ru,wiki_disinfo,1
trubchevskaya-okruga.ru,wiki_disinfo,1
trud.ru,euvsdisinfo,1
trudovaya-vakhta.ru,wiki_disinfo,1
truepundit.com,euvsdisinfo,1
try.md,euvsdisinfo,1
tryagnews.com,euvsdisinfo,1
tsaganaman.ru,wiki_disinfo,1
tsahvoa.ru,wiki_disinfo,1
tsargrad.tv,euvsdisinfo,1
tsimlyansk.ru,wiki_disinfo,1
tsotsi-yurt.info,wiki_disinfo,1
tsotsyiurt.ru,wiki_disinfo,1
tula-news.net,wiki_disinfo,1
tulski-telegraf.ru,wiki_disinfo,1
tulunski-vestnik.ru,wiki_disinfo,1
tumblr.com,euvsdisinfo,1
tunisactus.com,euvsdisinfo,1
tunisia-sat.com,euvsdisinfo,1
tunisiatoday.com,euvsdisinfo,1
tur-izvestiya.ru,wiki_disinfo,1
tura-news.ru,wiki_disinfo,1
turan-gazeta.ru,wiki_disinfo,1
turess.com,euvsdisinfo,1
turochak-life.ru,wiki_disinfo,1
turval.ru,wiki_disinfo,1
tut-news.ru,euvsdisinfo,1
tutaev-gazeta.ru,wiki_disinfo,1
tuv-pravda.ru,wiki_disinfo,1
tuva-news.net,wiki_disinfo,1
tuva-ter.ru,wiki_disinfo,1
tuvexpress.ru,wiki_disinfo,1
tv-novosti.ru,euvsdisinfo,1
tvalsazrisi.ge,euvsdisinfo,1
tvc.ru,euvsdisinfo,1
tvcenter.ru,euvsdisinfo,1
tver-news.net,wiki_disinfo,1
tverskaya13.ru,euvsdisinfo,1
tvk6.ru,euvsdisinfo,1
tvkrasnodar.ru,euvsdisinfo,1
tvm.ge,euvsdisinfo,1
tvoi-den.ru,wiki_disinfo,1
tvoi-karasuk.ru,wiki_disinfo,1
tvoy-pozitiv.ru,wiki_disinfo,1
tvoya-gazeta.info,wiki_disinfo,1
tvoyagazeta-so.ru,wiki_disinfo,1
tvr.by,euvsdisinfo,1
tvybor.ru,wiki_disinfo,1
tvzvezda.ru,euvsdisinfo,1
twitter.com,euvsdisinfo,1
twnews.ch,euvsdisinfo,1
tyumen-news.net,wiki_disinfo,1
u-f.ru,euvsdisinfo,1
u-vesti.ru,wiki_disinfo,1
ua-pravda.click,wiki_disinfo,1
uagazeta.ru,wiki_disinfo,1
uapress.info,euvsdisinfo,1
uchkeken-news.ru,wiki_disinfo,1
udachny-den.ru,wiki_disinfo,1
udmurt-news.net,wiki_disinfo,1
udomlya-starina.ru,wiki_disinfo,1
ufa-news.net,wiki_disinfo,1
ugaritpost.com,euvsdisinfo,1
uglegorskns.ru,wiki_disinfo,1
uglich-vest.ru,wiki_disinfo,1
ugra-news.net,wiki_disinfo,1
ujadyg.ru,wiki_disinfo,1
uk-nedelya.ru,wiki_disinfo,1
uk-vestnik.ru,wiki_disinfo,1
ukraina.ru,euvsdisinfo,1
ukranews.com,euvsdisinfo,1
ukrlm.info,wiki_disinfo,1
ukrpress.net,euvsdisinfo,1
ul-perekrestok.ru,wiki_disinfo,1
ulug-khem.ru,wiki_disinfo,1
ulyanovsk-news.net,wiki_disinfo,1
um-vest.ru,wiki_disinfo,1
um-vestnik.ru,wiki_disinfo,1
umanskaya-gazeta.ru,wiki_disinfo,1
unecha-express.ru,wiki_disinfo,1
unian.pm,wiki_disinfo,1
uniones.ru,wiki_disinfo,1
unisco.ru,wiki_disinfo,1
unz.com,euvsdisinfo,1
uporovskoe-vremya.ru,wiki_disinfo,1
ura.news,euvsdisinfo,1
uraiski-kurier.ru,wiki_disinfo,1
ural-news.net,wiki_disinfo,1
uralpolit.ru,euvsdisinfo,1
urdupoint.com,euvsdisinfo,1
urogay-smol.ru,wiki_disinfo,1
urus-martan.info,wiki_disinfo,1
uryupinskgazeta.ru,wiki_disinfo,1
uspeh-dom.ru,wiki_disinfo,1
ussuriysk-news.ru,wiki_disinfo,1
ust-bolshereczk.ru,wiki_disinfo,1
ust-bolsheretsk.ru,wiki_disinfo,1
ust-ilim.press,wiki_disinfo,1
ust-kutskaya.ru,wiki_disinfo,1
ustinka.kz,euvsdisinfo,1
ustkam-vremya.ru,wiki_disinfo,1
ustvesti.ru,wiki_disinfo,1
ustyugvestnik.ru,wiki_disinfo,1
utro.ru,euvsdisinfo,1
utrolagani.ru,wiki_disinfo,1
uva-projector.ru,wiki_disinfo,1
uyar-rassvety.ru,wiki_disinfo,1
uz.ua,wiki_disinfo,1
uzhgorod-news.ru,wiki_disinfo,1
uzhur-volost.ru,wiki_disinfo,1
v-dalgor.ru,wiki_disinfo,1
v-gorizont.ru,wiki_disinfo,1
v-kizilyurt.ru,wiki_disinfo,1
v-nerungri.ru,wiki_disinfo,1
v-neryungri.ru,wiki_disinfo,1
vagai-pravda.ru,wiki_disinfo,1
val-zvezda.ru,wiki_disinfo,1
valdaygazeta.ru,wiki_disinfo,1
vash-mikhailovsk.ru,wiki_disinfo,1
vashe-prav.ru,wiki_disinfo,1
vchaspik.ru,wiki_disinfo,1
vdare.com,proppy,1
vdlnews.com,euvsdisinfo,1
vech-aldan.ru,wiki_disinfo,1
vecherka-kuybyshev.ru,wiki_disinfo,1
vecherka-ner.ru,wiki_disinfo,1
vecherka-obninsk.ru,wiki_disinfo,1
vecherkandalaksha.ru,wiki_disinfo,1
vechernee-petuhovo.ru,wiki_disinfo,1
vecherni-karachev.ru,wiki_disinfo,1
vecherni-obninsk.ru,wiki_disinfo,1
vecherni-ustilim.ru,wiki_disinfo,1
vecherniy-sudak.ru,wiki_disinfo,1
vecherny-ishim.ru,wiki_disinfo,1
vedomosti.ru,euvsdisinfo,1
vegchel.ru,euvsdisinfo,1
vektor-nedeli.ru,wiki_disinfo,1
vektor-tatarsk.ru,wiki_disinfo,1
veloboz.ru,wiki_disinfo,1
verelq.am,euvsdisinfo,1
verhnednepr.ru,wiki_disinfo,1
verhneket.ru,wiki_disinfo,1
veritecachee.fr,wiki_disinfo,1
verkhnekamie.ru,wiki_disinfo,1
verny-put.ru,wiki_disinfo,1
versia.ru,euvsdisinfo,1
ves-gubkinsky.ru,wiki_disinfo,1
ves-mirny.ru,wiki_disinfo,1
ves-rybinsk.ru,wiki_disinfo,1
ves-severomorsk.ru,wiki_disinfo,1
ves-volgodonsk.ru,wiki_disinfo,1
vesti-ah.ru,wiki_disinfo,1
vesti-bu.ru,wiki_disinfo,1
vesti-k.ru,euvsdisinfo,1
vesti-kaluga.ru,wiki_disinfo,1
vesti-ls.ru,wiki_disinfo,1
vesti-mezhdurechensk.ru,wiki_disinfo,1
vesti-millerovo.ru,wiki_disinfo,1
vesti-morozovsk.ru,wiki_disinfo,1
vesti-online.com,euvsdisinfo,1
vesti-p.ru,wiki_disinfo,1
vesti-ua.net,euvsdisinfo,1
vesti-ukr.com,euvsdisinfo,1
vesti-yantarnogo.ru,wiki_disinfo,1
vesti.ru,euvsdisinfo,1
vesti.ua,euvsdisinfo,1
vesti24.by,euvsdisinfo,1
vesti61.ru,wiki_disinfo,1
vesti7.ru,euvsdisinfo,1
vestiharabali.ru,wiki_disinfo,1
vestikavkaza.ru,euvsdisinfo,1
vestipk.ru,euvsdisinfo,1
vestiv.ru,wiki_disinfo,1
vestivsredu.ru,wiki_disinfo,1
vestnik-baltiyska.ru,wiki_disinfo,1
vestnik-kovdora.ru,wiki_disinfo,1
vestnik-ladushkina.ru,wiki_disinfo,1
vestnik-nachalovo.ru,wiki_disinfo,1
vestnik-predgoria.ru,wiki_disinfo,1
vestnik-pv.ru,wiki_disinfo,1
vestnik-selsovetov.ru,wiki_disinfo,1
vestnik-surovikino.ru,wiki_disinfo,1
vestnik-tm.ru,wiki_disinfo,1
vestnik-zav.ru,wiki_disinfo,1
vestniklk.ru,wiki_disinfo,1
vestnikpr.ru,wiki_disinfo,1
vestniktaimyra.ru,wiki_disinfo,1
veteran-pravda.ru,wiki_disinfo,1
veteransnewsnow.com,wiki_disinfo,1
veteranstoday.com,euvsdisinfo;wiki_disinfo,2
vetogate.com,euvsdisinfo,1
vg-news.ru,euvsdisinfo,1
viborkazan.ru,wiki_disinfo,1
victoryforpeace.ru,wiki_disinfo,1
vidvist.com,wiki_disinfo,1
vilyuchinsk-izvestia.ru,wiki_disinfo,1
vilyuisk-gorizont.ru,wiki_disinfo,1
vimpel-rubtsovsk.ru,wiki_disinfo,1
vin-news.ru,wiki_disinfo,1
vitbich.org,euvsdisinfo,1
vitegoria.ru,wiki_disinfo,1
vitrusdom.ru,euvsdisinfo,1
vitzori.ru,wiki_disinfo,1
vk.com,euvsdisinfo,1
vladikavkaz-news.net,wiki_disinfo,1
vladimir-news.net,wiki_disinfo,1
vladivostok-news.net,wiki_disinfo,1
vlasteneckenoviny.cz,euvsdisinfo,1
vltavacrimea.ru,wiki_disinfo,1
vlz-stroitel.ru,wiki_disinfo,1
vm.ru,euvsdisinfo,1
vmeste-rf.tv,euvsdisinfo,1
vn.ua,wiki_disinfo,1
voennoedelo.com,euvsdisinfo,1
voiceofbeladynews.com,euvsdisinfo,1
voinskayaslava.ru,wiki_disinfo,1
volgograd-news.net,wiki_disinfo,1
volna-zelenogradsk.ru,wiki_disinfo,1
volnoe-delo.org,wiki_disinfo,1
vologda-news.net,wiki_disinfo,1
vologda-p.ru,wiki_disinfo,1
vologodskylad.ru,wiki_disinfo,1
volokolamskoe-shosse.ru,wiki_disinfo,1
voltairenet.org,euvsdisinfo,1
volyn-news.ru,wiki_disinfo,1
volyn.ua,wiki_disinfo,1
volzhskiy-news.ru,wiki_disinfo,1
voronezh-news.net,wiki_disinfo,1
voshod57.ru,wiki_disinfo,1
voshodprim.ru,wiki_disinfo,1
voshodvanino.ru,wiki_disinfo,1
voskresenskie-dni.ru,wiki_disinfo,1
vostok-alt.ru,wiki_disinfo,1
vostregion.ru,wiki_disinfo,1
votkinsk-segodnya.ru,wiki_disinfo,1
vpered-kb.ru,wiki_disinfo,1
vpered-m.ru,wiki_disinfo,1
vpered-zori.ru,wiki_disinfo,1
vpered57.ru,wiki_disinfo,1
vperedbel.ru,wiki_disinfo,1
vpereduralan.ru,wiki_disinfo,1
vpoanalytics.com,euvsdisinfo,1
vremuritulburi.com,euvsdisinfo,1
vremya-molchanovo.ru,wiki_disinfo,1
vse-o-zhizni.ru,wiki_disinfo,1
vsev-gazeta.ru,wiki_disinfo,1
vsya-igra.ru,wiki_disinfo,1
vvanino.ru,wiki_disinfo,1
vvp-kotelnich.ru,wiki_disinfo,1
vyazemski.ru,wiki_disinfo,1
vyazemskie-vedomosti.ru,wiki_disinfo,1
vyazma-vedomosti.ru,wiki_disinfo,1
vyazniki-nedelya.ru,wiki_disinfo,1
vybor-krasnogoria.ru,wiki_disinfo,1
vybor-naroda.org,euvsdisinfo,1
vyborg-avtograf.ru,wiki_disinfo,1
vygonichi.ru,wiki_disinfo,1
vz.ru,euvsdisinfo,1
wafaamagazine.org,euvsdisinfo,1
warandpeace.ru,euvsdisinfo,1
warfareinsider.us,wiki_disinfo,1
warsonline.info,euvsdisinfo,1
washingtonpost.ltd,wiki_disinfo,1
watananews.com,euvsdisinfo,1
watania.net,euvsdisinfo,1
wattan.tv,euvsdisinfo,1
wattan24.com,euvsdisinfo,1
weaponews.com,euvsdisinfo,1
webmanagercenter.com,euvsdisinfo,1
webnode.cz,euvsdisinfo,1
webnovosti.info,euvsdisinfo,1
welt.beauty,wiki_disinfo,1
welt.lol,wiki_disinfo,1
welt.ltd,wiki_disinfo,1
welt.media,wiki_disinfo,1
welt.tours,wiki_disinfo,1
welt.ws,wiki_disinfo,1
weltt.beauty,wiki_disinfo,1
weltt.lol,wiki_disinfo,1
whatdoesitmean.com,euvsdisinfo,1
wikimsrweb.com,euvsdisinfo,1
williambowles.info,euvsdisinfo,1
wnnpress.com,euvsdisinfo,1
wolna-polska.pl,euvsdisinfo,1
wordpress.com,euvsdisinfo,1
wpristav.su,euvsdisinfo,1
wyksa-r.ru,wiki_disinfo,1
x-true.info,euvsdisinfo,1
xn----8sbjhmaeayppbwkpbar6b.xn--p1ai,wiki_disinfo,1
xn--aljaeera-4t0d.net,wiki_disinfo,1
xn--haarez-m17b.com,wiki_disinfo,1
xn--theguardan-4ub.com,wiki_disinfo,1
xposedem.com,wiki_disinfo,1
yagodnoe.press,wiki_disinfo,1
yakutsk-news.net,euvsdisinfo;wiki_disinfo,2
yallanews.net,euvsdisinfo,1
yalutor-volna.ru,wiki_disinfo,1
yamal-news.net,wiki_disinfo,1
yamal-time.ru,wiki_disinfo,1
yamaltime.ru,wiki_disinfo,1
yandex.ru,euvsdisinfo,1
yar-gorod.ru,wiki_disinfo,1
yarbiz.info,wiki_disinfo,1
yarkovosti.ru,wiki_disinfo,1
yaroslavl-news.net,wiki_disinfo,1
yashalta-dnevnik.ru,wiki_disinfo,1
yashkur-bodya.ru,wiki_disinfo,1
yaskluch.ru,wiki_disinfo,1
ye-now.com,euvsdisinfo,1
ye-now.net,euvsdisinfo,1
yemen-now.net,euvsdisinfo,1
yemenipost.net,euvsdisinfo,1
yemenvibe.com,euvsdisinfo,1
yeniazerbaycan.com,euvsdisinfo,1
yjc.ir,euvsdisinfo,1
yom.news,euvsdisinfo,1
youm7.com,euvsdisinfo,1
ypagency.net,euvsdisinfo,1
ytro.ru,euvsdisinfo,1
yugorski-glagol.ru,wiki_disinfo,1
yurga-nov.ru,wiki_disinfo,1
yuriev-polski.ru,wiki_disinfo,1
z-steppe.ru,wiki_disinfo,1
za-izobilie57.ru,wiki_disinfo,1
za-urozai.ru,wiki_disinfo,1
zabaykalsk-vedomosti.ru,wiki_disinfo,1
zabrabochii.ru,wiki_disinfo,1
zad.news,euvsdisinfo,1
zadonskie-zori.ru,wiki_disinfo,1
zaitunagency.net,euvsdisinfo,1
zakonvremeni.ru,euvsdisinfo,1
zalegoshch.ru,wiki_disinfo,1
zamanarabic.com,euvsdisinfo,1
zaozerny-kray.ru,wiki_disinfo,1
zaplica.ru,wiki_disinfo,1
zapolyarny-region.ru,wiki_disinfo,1
zaraisk-news.ru,wiki_disinfo,1
zariagazeta.ru,wiki_disinfo,1
zarya-kgorod.ru,wiki_disinfo,1
zarya-kurg.ru,wiki_disinfo,1
zarya-sev.ru,wiki_disinfo,1
zarya-urala.ru,wiki_disinfo,1
zarya57.ru,wiki_disinfo,1
zaryakaspiya.ru,wiki_disinfo,1
zaryapirov.ru,wiki_disinfo,1
zatozelenogorsk.ru,wiki_disinfo,1
zavety-i.ru,wiki_disinfo,1
zavety-len.ru,wiki_disinfo,1
zavodoukovsk-gazeta.ru,wiki_disinfo,1
zavtra.ru,euvsdisinfo,1
zavyalovsky-flag.ru,wiki_disinfo,1
zelenchukpravda.ru,wiki_disinfo,1
zemlya-n.ru,wiki_disinfo,1
zempodolsk.ru,wiki_disinfo,1
zemskie-vesti.ru,wiki_disinfo,1
zemvv.ru,wiki_disinfo,1
zernograd.biz,wiki_disinfo,1
zerohedge.com,euvsdisinfo,1
zestiftung.com,wiki_disinfo,1
zhatay.com,wiki_disinfo,1
zheleznogorsk-panorama.ru,wiki_disinfo,1
zhen-dagestana.ru,wiki_disinfo,1
zhitomir-news.ru,wiki_disinfo,1
ziminski-region.ru,wiki_disinfo,1
zmi-novosni.ru,wiki_disinfo,1
zmievka-novosti.ru,wiki_disinfo,1
zn-press.ru,wiki_disinfo,1
zn-smol.ru,wiki_disinfo,1
znaj.ua,euvsdisinfo,1
znamensk-tribuna.ru,wiki_disinfo,1
znamenskaya-tribuna.ru,wiki_disinfo,1
znamya-plast.ru,wiki_disinfo,1
znamya-trud.ru,wiki_disinfo,1
znn-lb.com,euvsdisinfo,1
zntrud.ru,wiki_disinfo,1
zntruda.ru,wiki_disinfo,1
zolotuhino-raion.ru,wiki_disinfo,1
zp-news.ru,wiki_disinfo,1
zp.ua,wiki_disinfo,1
zt.ua,wiki_disinfo,1
zvedavec.org,euvsdisinfo,1
zvezda-langepas.ru,wiki_disinfo,1
zvezda-sah.ru,wiki_disinfo,1
zviestki.com,euvsdisinfo,1
